naics,naics22,mapping_type
111110,111110,self_mapping
111120,111120,self_mapping
111130,111130,self_mapping
111140,111140,self_mapping
111150,111150,self_mapping
111160,111160,self_mapping
111191,111191,self_mapping
111199,111199,self_mapping
111211,111211,self_mapping
111219,111219,self_mapping
111310,111310,self_mapping
111320,111320,self_mapping
111331,111331,self_mapping
111332,111332,self_mapping
111333,111333,self_mapping
111334,111334,self_mapping
111335,111335,self_mapping
111336,111336,self_mapping
111339,111339,self_mapping
111411,111411,self_mapping
111419,111419,self_mapping
111421,111421,self_mapping
111422,111422,self_mapping
111910,111910,self_mapping
111920,111920,self_mapping
111930,111930,self_mapping
111940,111940,self_mapping
111991,111991,self_mapping
111992,111992,self_mapping
111998,111998,self_mapping
112111,112111,self_mapping
112112,112112,self_mapping
112120,112120,self_mapping
112130,112130,self_mapping
112210,112210,self_mapping
112310,112310,self_mapping
112320,112320,self_mapping
112330,112330,self_mapping
112340,112340,self_mapping
112390,112390,self_mapping
112410,112410,self_mapping
112420,112420,self_mapping
112511,112511,self_mapping
112512,112512,self_mapping
112519,112519,self_mapping
112910,112910,self_mapping
112920,112920,self_mapping
112930,112930,self_mapping
112990,112990,self_mapping
113110,113110,self_mapping
113210,113210,self_mapping
113310,113310,self_mapping
114111,114111,self_mapping
114112,114112,self_mapping
114119,114119,self_mapping
114210,114210,self_mapping
115111,115111,self_mapping
115112,115112,self_mapping
115113,115113,self_mapping
115114,115114,self_mapping
115115,115115,self_mapping
115116,115116,self_mapping
115210,115210,self_mapping
115310,115310,self_mapping
211120,211120,self_mapping
211130,211130,self_mapping
212113,212114,official_crosswalk
212111,212114,official_crosswalk
212112,212115,official_crosswalk
212113,212115,official_crosswalk
212210,212210,self_mapping
212222,212220,official_crosswalk
212221,212220,official_crosswalk
212230,212230,self_mapping
212299,212290,official_crosswalk
212291,212290,official_crosswalk
212311,212311,self_mapping
212312,212312,self_mapping
212313,212313,self_mapping
212319,212319,self_mapping
212321,212321,self_mapping
212322,212322,self_mapping
212324,212323,official_crosswalk
212325,212323,official_crosswalk
212391,212390,official_crosswalk
212399,212390,official_crosswalk
212393,212390,official_crosswalk
212392,212390,official_crosswalk
213111,213111,self_mapping
213112,213112,self_mapping
213113,213113,self_mapping
213114,213114,self_mapping
213115,213115,self_mapping
221111,221111,self_mapping
221112,221112,self_mapping
221113,221113,self_mapping
221114,221114,self_mapping
221115,221115,self_mapping
221116,221116,self_mapping
221117,221117,self_mapping
221118,221118,self_mapping
221121,221121,self_mapping
221122,221122,self_mapping
221210,221210,self_mapping
221310,221310,self_mapping
221320,221320,self_mapping
221330,221330,self_mapping
236115,236115,self_mapping
236116,236116,self_mapping
236117,236117,self_mapping
236118,236118,self_mapping
236210,236210,self_mapping
236220,236220,self_mapping
237110,237110,self_mapping
237120,237120,self_mapping
237130,237130,self_mapping
237210,237210,self_mapping
237310,237310,self_mapping
237990,237990,self_mapping
238110,238110,self_mapping
238120,238120,self_mapping
238130,238130,self_mapping
238140,238140,self_mapping
238150,238150,self_mapping
238160,238160,self_mapping
238170,238170,self_mapping
238190,238190,self_mapping
238210,238210,self_mapping
238220,238220,self_mapping
238290,238290,self_mapping
238310,238310,self_mapping
238320,238320,self_mapping
238330,238330,self_mapping
238340,238340,self_mapping
238350,238350,self_mapping
238390,238390,self_mapping
238910,238910,self_mapping
238990,238990,self_mapping
311111,311111,self_mapping
311119,311119,self_mapping
311211,311211,self_mapping
311212,311212,self_mapping
311213,311213,self_mapping
311221,311221,self_mapping
311224,311224,self_mapping
311225,311225,self_mapping
311230,311230,self_mapping
311313,311313,self_mapping
311314,311314,self_mapping
311340,311340,self_mapping
311351,311351,self_mapping
311352,311352,self_mapping
311411,311411,self_mapping
311412,311412,self_mapping
311421,311421,self_mapping
311422,311422,self_mapping
311423,311423,self_mapping
311511,311511,self_mapping
311512,311512,self_mapping
311513,311513,self_mapping
311514,311514,self_mapping
311520,311520,self_mapping
311611,311611,self_mapping
311612,311612,self_mapping
311613,311613,self_mapping
311615,311615,self_mapping
311710,311710,self_mapping
311811,311811,self_mapping
311812,311812,self_mapping
311813,311813,self_mapping
311821,311821,self_mapping
311824,311824,self_mapping
311830,311830,self_mapping
311911,311911,self_mapping
311919,311919,self_mapping
311920,311920,self_mapping
311930,311930,self_mapping
311941,311941,self_mapping
311942,311942,self_mapping
311991,311991,self_mapping
311999,311999,self_mapping
312111,312111,self_mapping
312112,312112,self_mapping
312113,312113,self_mapping
312120,312120,self_mapping
312130,312130,self_mapping
312140,312140,self_mapping
312230,312230,self_mapping
313110,313110,self_mapping
313210,313210,self_mapping
313220,313220,self_mapping
313230,313230,self_mapping
313240,313240,self_mapping
313310,313310,self_mapping
313320,313320,self_mapping
314110,314110,self_mapping
314120,314120,self_mapping
314910,314910,self_mapping
314994,314994,self_mapping
314999,314999,self_mapping
315110,315120,official_crosswalk
315190,315120,official_crosswalk
315210,315210,self_mapping
315280,315250,official_crosswalk
315240,315250,official_crosswalk
315220,315250,official_crosswalk
315990,315990,self_mapping
316110,316110,self_mapping
316210,316210,self_mapping
316998,316990,official_crosswalk
316992,316990,official_crosswalk
321113,321113,self_mapping
321114,321114,self_mapping
321211,321211,self_mapping
321212,321212,self_mapping
321214,321215,official_crosswalk
321213,321215,official_crosswalk
321219,321219,self_mapping
321911,321911,self_mapping
321912,321912,self_mapping
321918,321918,self_mapping
321920,321920,self_mapping
321991,321991,self_mapping
321992,321992,self_mapping
321999,321999,self_mapping
322110,322110,self_mapping
322121,322120,official_crosswalk
322122,322120,official_crosswalk
322130,322130,self_mapping
322211,322211,self_mapping
322212,322212,self_mapping
322219,322219,self_mapping
322220,322220,self_mapping
322230,322230,self_mapping
322291,322291,self_mapping
322299,322299,self_mapping
323111,323111,self_mapping
323113,323113,self_mapping
323117,323117,self_mapping
323120,323120,self_mapping
324110,324110,self_mapping
324121,324121,self_mapping
324122,324122,self_mapping
324191,324191,self_mapping
324199,324199,self_mapping
325110,325110,self_mapping
325120,325120,self_mapping
325130,325130,self_mapping
325180,325180,self_mapping
325193,325193,self_mapping
325194,325194,self_mapping
325199,325199,self_mapping
325211,325211,self_mapping
325212,325212,self_mapping
325220,325220,self_mapping
325311,325311,self_mapping
325312,325312,self_mapping
325314,325314,self_mapping
325314,325315,official_crosswalk
325320,325320,self_mapping
325411,325411,self_mapping
325412,325412,self_mapping
325413,325413,self_mapping
325414,325414,self_mapping
325510,325510,self_mapping
325520,325520,self_mapping
325611,325611,self_mapping
325612,325612,self_mapping
325613,325613,self_mapping
325620,325620,self_mapping
325910,325910,self_mapping
325920,325920,self_mapping
325991,325991,self_mapping
325992,325992,self_mapping
325998,325998,self_mapping
326111,326111,self_mapping
326112,326112,self_mapping
326113,326113,self_mapping
326121,326121,self_mapping
326122,326122,self_mapping
326130,326130,self_mapping
326140,326140,self_mapping
326150,326150,self_mapping
326160,326160,self_mapping
326191,326191,self_mapping
326199,326199,self_mapping
326211,326211,self_mapping
326212,326212,self_mapping
326220,326220,self_mapping
326291,326291,self_mapping
326299,326299,self_mapping
327110,327110,self_mapping
327120,327120,self_mapping
327211,327211,self_mapping
327212,327212,self_mapping
327213,327213,self_mapping
327215,327215,self_mapping
327310,327310,self_mapping
327320,327320,self_mapping
327331,327331,self_mapping
327332,327332,self_mapping
327390,327390,self_mapping
327410,327410,self_mapping
327420,327420,self_mapping
327910,327910,self_mapping
327991,327991,self_mapping
327992,327992,self_mapping
327993,327993,self_mapping
327999,327999,self_mapping
331110,331110,self_mapping
331210,331210,self_mapping
331221,331221,self_mapping
331222,331222,self_mapping
331313,331313,self_mapping
331314,331314,self_mapping
331315,331315,self_mapping
331318,331318,self_mapping
331410,331410,self_mapping
331420,331420,self_mapping
331491,331491,self_mapping
331492,331492,self_mapping
331511,331511,self_mapping
331512,331512,self_mapping
331513,331513,self_mapping
331523,331523,self_mapping
331524,331524,self_mapping
331529,331529,self_mapping
332111,332111,self_mapping
332112,332112,self_mapping
332114,332114,self_mapping
332117,332117,self_mapping
332119,332119,self_mapping
332215,332215,self_mapping
332216,332216,self_mapping
332311,332311,self_mapping
332312,332312,self_mapping
332313,332313,self_mapping
332321,332321,self_mapping
332322,332322,self_mapping
332323,332323,self_mapping
332410,332410,self_mapping
332420,332420,self_mapping
332431,332431,self_mapping
332439,332439,self_mapping
332510,332510,self_mapping
332613,332613,self_mapping
332618,332618,self_mapping
332710,332710,self_mapping
332721,332721,self_mapping
332722,332722,self_mapping
332811,332811,self_mapping
332812,332812,self_mapping
332813,332813,self_mapping
332911,332911,self_mapping
332912,332912,self_mapping
332913,332913,self_mapping
332919,332919,self_mapping
332991,332991,self_mapping
332992,332992,self_mapping
332993,332993,self_mapping
332994,332994,self_mapping
332996,332996,self_mapping
332999,332999,self_mapping
333111,333111,self_mapping
333112,333112,self_mapping
333120,333120,self_mapping
333131,333131,self_mapping
333132,333132,self_mapping
333241,333241,self_mapping
333242,333242,self_mapping
333243,333243,self_mapping
333249,333248,official_crosswalk
333244,333248,official_crosswalk
333314,333310,official_crosswalk
333316,333310,official_crosswalk
333318,333310,official_crosswalk
333413,333413,self_mapping
333414,333414,self_mapping
333415,333415,self_mapping
333511,333511,self_mapping
333514,333514,self_mapping
333515,333515,self_mapping
333517,333517,self_mapping
333519,333519,self_mapping
333611,333611,self_mapping
333612,333612,self_mapping
333613,333613,self_mapping
333618,333618,self_mapping
333912,333912,self_mapping
333914,333914,self_mapping
333921,333921,self_mapping
333922,333922,self_mapping
333923,333923,self_mapping
333924,333924,self_mapping
333991,333991,self_mapping
333992,333992,self_mapping
333993,333993,self_mapping
333994,333994,self_mapping
333995,333995,self_mapping
333996,333996,self_mapping
333997,333998,official_crosswalk
333999,333998,official_crosswalk
334111,334111,self_mapping
334112,334112,self_mapping
334118,334118,self_mapping
334210,334210,self_mapping
334220,334220,self_mapping
334290,334290,self_mapping
334310,334310,self_mapping
334412,334412,self_mapping
334413,334413,self_mapping
334416,334416,self_mapping
334417,334417,self_mapping
334418,334418,self_mapping
334419,334419,self_mapping
334510,334510,self_mapping
334511,334511,self_mapping
334512,334512,self_mapping
334513,334513,self_mapping
334514,334514,self_mapping
334515,334515,self_mapping
334516,334516,self_mapping
334517,334517,self_mapping
334519,334519,self_mapping
334613,334610,official_crosswalk
334614,334610,official_crosswalk
335121,335131,official_crosswalk
335122,335132,official_crosswalk
335110,335139,official_crosswalk
335129,335139,official_crosswalk
335210,335210,self_mapping
335220,335220,self_mapping
335311,335311,self_mapping
335312,335312,self_mapping
335313,335313,self_mapping
335314,335314,self_mapping
335911,335910,official_crosswalk
335912,335910,official_crosswalk
335921,335921,self_mapping
335929,335929,self_mapping
335931,335931,self_mapping
335932,335932,self_mapping
335991,335991,self_mapping
335999,335999,self_mapping
336112,336110,official_crosswalk
336111,336110,official_crosswalk
336120,336120,self_mapping
336211,336211,self_mapping
336212,336212,self_mapping
336213,336213,self_mapping
336214,336214,self_mapping
336310,336310,self_mapping
336320,336320,self_mapping
336330,336330,self_mapping
336340,336340,self_mapping
336350,336350,self_mapping
336360,336360,self_mapping
336370,336370,self_mapping
336390,336390,self_mapping
336411,336411,self_mapping
336412,336412,self_mapping
336413,336413,self_mapping
336414,336414,self_mapping
336415,336415,self_mapping
336419,336419,self_mapping
336510,336510,self_mapping
336611,336611,self_mapping
336612,336612,self_mapping
336991,336991,self_mapping
336992,336992,self_mapping
336999,336999,self_mapping
337110,337110,self_mapping
337121,337121,self_mapping
337122,337122,self_mapping
337125,337126,official_crosswalk
337124,337126,official_crosswalk
337127,337127,self_mapping
337211,337211,self_mapping
337212,337212,self_mapping
337214,337214,self_mapping
337215,337215,self_mapping
337910,337910,self_mapping
337920,337920,self_mapping
339112,339112,self_mapping
339113,339113,self_mapping
339114,339114,self_mapping
339115,339115,self_mapping
339116,339116,self_mapping
339910,339910,self_mapping
339920,339920,self_mapping
339930,339930,self_mapping
339940,339940,self_mapping
339950,339950,self_mapping
339991,339991,self_mapping
339992,339992,self_mapping
339993,339993,self_mapping
339994,339994,self_mapping
339995,339995,self_mapping
339999,339999,self_mapping
423110,423110,self_mapping
423120,423120,self_mapping
423130,423130,self_mapping
423140,423140,self_mapping
423210,423210,self_mapping
423220,423220,self_mapping
423310,423310,self_mapping
423320,423320,self_mapping
423330,423330,self_mapping
423390,423390,self_mapping
423410,423410,self_mapping
423420,423420,self_mapping
423430,423430,self_mapping
423440,423440,self_mapping
423450,423450,self_mapping
423460,423460,self_mapping
423490,423490,self_mapping
423510,423510,self_mapping
423520,423520,self_mapping
423610,423610,self_mapping
423620,423620,self_mapping
423690,423690,self_mapping
423710,423710,self_mapping
423720,423720,self_mapping
423730,423730,self_mapping
423740,423740,self_mapping
423810,423810,self_mapping
423820,423820,self_mapping
423830,423830,self_mapping
423840,423840,self_mapping
423850,423850,self_mapping
423860,423860,self_mapping
423910,423910,self_mapping
423920,423920,self_mapping
423930,423930,self_mapping
423940,423940,self_mapping
423990,423990,self_mapping
424110,424110,self_mapping
424120,424120,self_mapping
424130,424130,self_mapping
424210,424210,self_mapping
424310,424310,self_mapping
424340,424340,self_mapping
424330,424350,official_crosswalk
424320,424350,official_crosswalk
424410,424410,self_mapping
424420,424420,self_mapping
424430,424430,self_mapping
424440,424440,self_mapping
424450,424450,self_mapping
424460,424460,self_mapping
424470,424470,self_mapping
424480,424480,self_mapping
424490,424490,self_mapping
424510,424510,self_mapping
424520,424520,self_mapping
424590,424590,self_mapping
424610,424610,self_mapping
424690,424690,self_mapping
424710,424710,self_mapping
424720,424720,self_mapping
424810,424810,self_mapping
424820,424820,self_mapping
424910,424910,self_mapping
424920,424920,self_mapping
424930,424930,self_mapping
424940,424940,self_mapping
424950,424950,self_mapping
424990,424990,self_mapping
425110,425120,official_crosswalk
441110,441110,self_mapping
441120,441120,self_mapping
441210,441210,self_mapping
441222,441222,self_mapping
454110,441227,official_crosswalk
441228,441227,official_crosswalk
441310,441330,official_crosswalk
454110,441330,official_crosswalk
454390,441330,official_crosswalk
441320,441340,official_crosswalk
454110,441340,official_crosswalk
454390,441340,official_crosswalk
444110,444110,self_mapping
444120,444120,self_mapping
444130,444140,official_crosswalk
454110,444140,official_crosswalk
454390,444140,official_crosswalk
454390,444180,official_crosswalk
444190,444180,official_crosswalk
454110,444180,official_crosswalk
444210,444230,official_crosswalk
454110,444230,official_crosswalk
454390,444230,official_crosswalk
454110,444240,official_crosswalk
454390,444240,official_crosswalk
444220,444240,official_crosswalk
445110,445110,self_mapping
454110,445131,official_crosswalk
454390,445131,official_crosswalk
445120,445131,official_crosswalk
454210,445132,official_crosswalk
445230,445230,self_mapping
445210,445240,official_crosswalk
454390,445240,official_crosswalk
454110,445240,official_crosswalk
454110,445250,official_crosswalk
454390,445250,official_crosswalk
445220,445250,official_crosswalk
445291,445291,self_mapping
445292,445292,self_mapping
445299,445298,official_crosswalk
454110,445298,official_crosswalk
454390,445298,official_crosswalk
454390,445320,official_crosswalk
445310,445320,official_crosswalk
454110,445320,official_crosswalk
442110,449110,official_crosswalk
454110,449110,official_crosswalk
454390,449110,official_crosswalk
442210,449121,official_crosswalk
454110,449121,official_crosswalk
454390,449121,official_crosswalk
454110,449122,official_crosswalk
442291,449122,official_crosswalk
454390,449122,official_crosswalk
442299,449129,official_crosswalk
454110,449129,official_crosswalk
454390,449129,official_crosswalk
443142,449210,official_crosswalk
454390,449210,official_crosswalk
443141,449210,official_crosswalk
454110,449210,official_crosswalk
454110,455110,official_crosswalk
452210,455110,official_crosswalk
452311,455211,official_crosswalk
454110,455211,official_crosswalk
452319,455219,official_crosswalk
453998,455219,official_crosswalk
454390,455219,official_crosswalk
454110,455219,official_crosswalk
454110,456110,official_crosswalk
446110,456110,official_crosswalk
454390,456110,official_crosswalk
454110,456120,official_crosswalk
446120,456120,official_crosswalk
454390,456120,official_crosswalk
446130,456130,official_crosswalk
454390,456130,official_crosswalk
454110,456130,official_crosswalk
446191,456191,official_crosswalk
454110,456191,official_crosswalk
454390,456191,official_crosswalk
446199,456199,official_crosswalk
454110,456199,official_crosswalk
454390,456199,official_crosswalk
447110,457110,official_crosswalk
447190,457120,official_crosswalk
454310,457210,official_crosswalk
448150,458110,official_crosswalk
448140,458110,official_crosswalk
448110,458110,official_crosswalk
454390,458110,official_crosswalk
448190,458110,official_crosswalk
448120,458110,official_crosswalk
454110,458110,official_crosswalk
448130,458110,official_crosswalk
448210,458210,official_crosswalk
454390,458210,official_crosswalk
454110,458210,official_crosswalk
454390,458310,official_crosswalk
448310,458310,official_crosswalk
454110,458310,official_crosswalk
448320,458320,official_crosswalk
454390,458320,official_crosswalk
454110,458320,official_crosswalk
454390,459110,official_crosswalk
454110,459110,official_crosswalk
451110,459110,official_crosswalk
451120,459120,official_crosswalk
454390,459120,official_crosswalk
454110,459120,official_crosswalk
454390,459130,official_crosswalk
454110,459130,official_crosswalk
451130,459130,official_crosswalk
454390,459140,official_crosswalk
451140,459140,official_crosswalk
454110,459140,official_crosswalk
454110,459210,official_crosswalk
451211,459210,official_crosswalk
451212,459210,official_crosswalk
454390,459210,official_crosswalk
454110,459310,official_crosswalk
453110,459310,official_crosswalk
454390,459310,official_crosswalk
454390,459410,official_crosswalk
453210,459410,official_crosswalk
454110,459410,official_crosswalk
454390,459420,official_crosswalk
453220,459420,official_crosswalk
454110,459420,official_crosswalk
454110,459510,official_crosswalk
453310,459510,official_crosswalk
454390,459510,official_crosswalk
453910,459910,official_crosswalk
454390,459910,official_crosswalk
454110,459910,official_crosswalk
453920,459920,official_crosswalk
454390,459920,official_crosswalk
454110,459920,official_crosswalk
453930,459930,official_crosswalk
453991,459991,official_crosswalk
454390,459991,official_crosswalk
453998,459991,official_crosswalk
454110,459991,official_crosswalk
454390,459999,official_crosswalk
454110,459999,official_crosswalk
453998,459999,official_crosswalk
481111,481111,self_mapping
481112,481112,self_mapping
481211,481211,self_mapping
481212,481212,self_mapping
481219,481219,self_mapping
482111,482111,self_mapping
482112,482112,self_mapping
483111,483111,self_mapping
483112,483112,self_mapping
483113,483113,self_mapping
483114,483114,self_mapping
483211,483211,self_mapping
483212,483212,self_mapping
484110,484110,self_mapping
484121,484121,self_mapping
484122,484122,self_mapping
484210,484210,self_mapping
484220,484220,self_mapping
484230,484230,self_mapping
485111,485111,self_mapping
485112,485112,self_mapping
485113,485113,self_mapping
485119,485119,self_mapping
485210,485210,self_mapping
485310,485310,self_mapping
485320,485320,self_mapping
485410,485410,self_mapping
485510,485510,self_mapping
485991,485991,self_mapping
485999,485999,self_mapping
486110,486110,self_mapping
486210,486210,self_mapping
486910,486910,self_mapping
486990,486990,self_mapping
487110,487110,self_mapping
487210,487210,self_mapping
487990,487990,self_mapping
488111,488111,self_mapping
488119,488119,self_mapping
488190,488190,self_mapping
488210,488210,self_mapping
488310,488310,self_mapping
488320,488320,self_mapping
488330,488330,self_mapping
488390,488390,self_mapping
488410,488410,self_mapping
488490,488490,self_mapping
488510,488510,self_mapping
488991,488991,self_mapping
488999,488999,self_mapping
491110,491110,self_mapping
492110,492110,self_mapping
492210,492210,self_mapping
493110,493110,self_mapping
493120,493120,self_mapping
493130,493130,self_mapping
493190,493190,self_mapping
512110,512110,self_mapping
512120,512120,self_mapping
512131,512131,self_mapping
512132,512132,self_mapping
512191,512191,self_mapping
512199,512199,self_mapping
512230,512230,self_mapping
512240,512240,self_mapping
512250,512250,self_mapping
512290,512290,self_mapping
519130,513110,official_crosswalk
511110,513110,official_crosswalk
519130,513120,official_crosswalk
511120,513120,official_crosswalk
519130,513130,official_crosswalk
511130,513130,official_crosswalk
519130,513140,official_crosswalk
511140,513140,official_crosswalk
519130,513191,official_crosswalk
511191,513191,official_crosswalk
511199,513199,official_crosswalk
519130,513199,official_crosswalk
511210,513210,official_crosswalk
515112,516110,official_crosswalk
515120,516120,official_crosswalk
515111,516210,official_crosswalk
519130,516210,official_crosswalk
515120,516210,official_crosswalk
515210,516210,official_crosswalk
519110,516210,official_crosswalk
517311,517111,official_crosswalk
517312,517112,official_crosswalk
517911,517121,official_crosswalk
517911,517122,official_crosswalk
517312,517122,official_crosswalk
517410,517410,self_mapping
517919,517810,official_crosswalk
518210,518210,self_mapping
519120,519210,official_crosswalk
519190,519290,official_crosswalk
519130,519290,official_crosswalk
521110,521110,self_mapping
522110,522110,self_mapping
522130,522130,self_mapping
522190,522180,official_crosswalk
522120,522180,official_crosswalk
522210,522210,self_mapping
522220,522220,self_mapping
522291,522291,self_mapping
522292,522292,self_mapping
522293,522299,official_crosswalk
522294,522299,official_crosswalk
522298,522299,official_crosswalk
522310,522310,self_mapping
522320,522320,self_mapping
522390,522390,self_mapping
523120,523150,official_crosswalk
523110,523150,official_crosswalk
523130,523160,official_crosswalk
523140,523160,official_crosswalk
523210,523210,self_mapping
523910,523910,self_mapping
523930,523940,official_crosswalk
523920,523940,official_crosswalk
523991,523991,self_mapping
523999,523999,self_mapping
524113,524113,self_mapping
524114,524114,self_mapping
524126,524126,self_mapping
524127,524127,self_mapping
524128,524128,self_mapping
524130,524130,self_mapping
524210,524210,self_mapping
524291,524291,self_mapping
524292,524292,self_mapping
524298,524298,self_mapping
525110,525110,self_mapping
525120,525120,self_mapping
525190,525190,self_mapping
525910,525910,self_mapping
525920,525920,self_mapping
525990,525990,self_mapping
531110,531110,self_mapping
531120,531120,self_mapping
531130,531130,self_mapping
531190,531190,self_mapping
531210,531210,self_mapping
531311,531311,self_mapping
531312,531312,self_mapping
531320,531320,self_mapping
531390,531390,self_mapping
532111,532111,self_mapping
532112,532112,self_mapping
532120,532120,self_mapping
532210,532210,self_mapping
532281,532281,self_mapping
532282,532282,self_mapping
532283,532283,self_mapping
532284,532284,self_mapping
532289,532289,self_mapping
532310,532310,self_mapping
532411,532411,self_mapping
532412,532412,self_mapping
532420,532420,self_mapping
532490,532490,self_mapping
533110,533110,self_mapping
541110,541110,self_mapping
541120,541120,self_mapping
541191,541191,self_mapping
541199,541199,self_mapping
541211,541211,self_mapping
541213,541213,self_mapping
541214,541214,self_mapping
541219,541219,self_mapping
541310,541310,self_mapping
541320,541320,self_mapping
541330,541330,self_mapping
541340,541340,self_mapping
541350,541350,self_mapping
541360,541360,self_mapping
541370,541370,self_mapping
541380,541380,self_mapping
541410,541410,self_mapping
541420,541420,self_mapping
541430,541430,self_mapping
541490,541490,self_mapping
541511,541511,self_mapping
541512,541512,self_mapping
541513,541513,self_mapping
541519,541519,self_mapping
541611,541611,self_mapping
541612,541612,self_mapping
541613,541613,self_mapping
541614,541614,self_mapping
541618,541618,self_mapping
541620,541620,self_mapping
541690,541690,self_mapping
541713,541713,self_mapping
541714,541714,self_mapping
541715,541715,self_mapping
541720,541720,self_mapping
541810,541810,self_mapping
541820,541820,self_mapping
541830,541830,self_mapping
541840,541840,self_mapping
541850,541850,self_mapping
541860,541860,self_mapping
541870,541870,self_mapping
541890,541890,self_mapping
541910,541910,self_mapping
541921,541921,self_mapping
541922,541922,self_mapping
541930,541930,self_mapping
541940,541940,self_mapping
541990,541990,self_mapping
551111,551111,self_mapping
551112,551112,self_mapping
551114,551114,self_mapping
561110,561110,self_mapping
561210,561210,self_mapping
561311,561311,self_mapping
561312,561312,self_mapping
561320,561320,self_mapping
561330,561330,self_mapping
561410,561410,self_mapping
561421,561421,self_mapping
561422,561422,self_mapping
561431,561431,self_mapping
561439,561439,self_mapping
561440,561440,self_mapping
561450,561450,self_mapping
561491,561491,self_mapping
561492,561492,self_mapping
561499,561499,self_mapping
561510,561510,self_mapping
561520,561520,self_mapping
561591,561591,self_mapping
561599,561599,self_mapping
561611,561611,self_mapping
561612,561612,self_mapping
561613,561613,self_mapping
561621,561621,self_mapping
561622,561622,self_mapping
561710,561710,self_mapping
561720,561720,self_mapping
561730,561730,self_mapping
561740,561740,self_mapping
561790,561790,self_mapping
561910,561910,self_mapping
561920,561920,self_mapping
561990,561990,self_mapping
562111,562111,self_mapping
562112,562112,self_mapping
562119,562119,self_mapping
562211,562211,self_mapping
562212,562212,self_mapping
562213,562213,self_mapping
562219,562219,self_mapping
562910,562910,self_mapping
562920,562920,self_mapping
562991,562991,self_mapping
562998,562998,self_mapping
611110,611110,self_mapping
611210,611210,self_mapping
611310,611310,self_mapping
611410,611410,self_mapping
611420,611420,self_mapping
611430,611430,self_mapping
611511,611511,self_mapping
611512,611512,self_mapping
611513,611513,self_mapping
611519,611519,self_mapping
611610,611610,self_mapping
611620,611620,self_mapping
611630,611630,self_mapping
611691,611691,self_mapping
611692,611692,self_mapping
611699,611699,self_mapping
611710,611710,self_mapping
621111,621111,self_mapping
621112,621112,self_mapping
621210,621210,self_mapping
621310,621310,self_mapping
621320,621320,self_mapping
621330,621330,self_mapping
621340,621340,self_mapping
621391,621391,self_mapping
621399,621399,self_mapping
621410,621410,self_mapping
621420,621420,self_mapping
621491,621491,self_mapping
621492,621492,self_mapping
621493,621493,self_mapping
621498,621498,self_mapping
621511,621511,self_mapping
621512,621512,self_mapping
621610,621610,self_mapping
621910,621910,self_mapping
621991,621991,self_mapping
621999,621999,self_mapping
622110,622110,self_mapping
622210,622210,self_mapping
622310,622310,self_mapping
623110,623110,self_mapping
623210,623210,self_mapping
623220,623220,self_mapping
623311,623311,self_mapping
623312,623312,self_mapping
623990,623990,self_mapping
624110,624110,self_mapping
624120,624120,self_mapping
624190,624190,self_mapping
624210,624210,self_mapping
624221,624221,self_mapping
624229,624229,self_mapping
624230,624230,self_mapping
624310,624310,self_mapping
624410,624410,self_mapping
711110,711110,self_mapping
711120,711120,self_mapping
711130,711130,self_mapping
711190,711190,self_mapping
711211,711211,self_mapping
711212,711212,self_mapping
711219,711219,self_mapping
711310,711310,self_mapping
711320,711320,self_mapping
711410,711410,self_mapping
711510,711510,self_mapping
712110,712110,self_mapping
712120,712120,self_mapping
712130,712130,self_mapping
712190,712190,self_mapping
713110,713110,self_mapping
713120,713120,self_mapping
713210,713210,self_mapping
713290,713290,self_mapping
713910,713910,self_mapping
713920,713920,self_mapping
713930,713930,self_mapping
713940,713940,self_mapping
713950,713950,self_mapping
713990,713990,self_mapping
721110,721110,self_mapping
721120,721120,self_mapping
721191,721191,self_mapping
721199,721199,self_mapping
721211,721211,self_mapping
721214,721214,self_mapping
721310,721310,self_mapping
722310,722310,self_mapping
722320,722320,self_mapping
722330,722330,self_mapping
722410,722410,self_mapping
722511,722511,self_mapping
722513,722513,self_mapping
722514,722514,self_mapping
722515,722515,self_mapping
811111,811111,self_mapping
811112,811114,official_crosswalk
811118,811114,official_crosswalk
811113,811114,official_crosswalk
811121,811121,self_mapping
811122,811122,self_mapping
811191,811191,self_mapping
811192,811192,self_mapping
811198,811198,self_mapping
811212,811210,official_crosswalk
811211,811210,official_crosswalk
811219,811210,official_crosswalk
811213,811210,official_crosswalk
811310,811310,self_mapping
811411,811411,self_mapping
811412,811412,self_mapping
811420,811420,self_mapping
811430,811430,self_mapping
811490,811490,self_mapping
812111,812111,self_mapping
812112,812112,self_mapping
812113,812113,self_mapping
812191,812191,self_mapping
812199,812199,self_mapping
812210,812210,self_mapping
812220,812220,self_mapping
812310,812310,self_mapping
812320,812320,self_mapping
812331,812331,self_mapping
812332,812332,self_mapping
812910,812910,self_mapping
812921,812921,self_mapping
812922,812922,self_mapping
812930,812930,self_mapping
812990,812990,self_mapping
813110,813110,self_mapping
813211,813211,self_mapping
813212,813212,self_mapping
813219,813219,self_mapping
813311,813311,self_mapping
813312,813312,self_mapping
813319,813319,self_mapping
813410,813410,self_mapping
813910,813910,self_mapping
813920,813920,self_mapping
813930,813930,self_mapping
813940,813940,self_mapping
813990,813990,self_mapping
814110,814110,self_mapping
921110,921110,self_mapping
921120,921120,self_mapping
921130,921130,self_mapping
921140,921140,self_mapping
921150,921150,self_mapping
921190,921190,self_mapping
922110,922110,self_mapping
922120,922120,self_mapping
922130,922130,self_mapping
922140,922140,self_mapping
922150,922150,self_mapping
922160,922160,self_mapping
922190,922190,self_mapping
923110,923110,self_mapping
923120,923120,self_mapping
923130,923130,self_mapping
923140,923140,self_mapping
924110,924110,self_mapping
924120,924120,self_mapping
925110,925110,self_mapping
925120,925120,self_mapping
926110,926110,self_mapping
926120,926120,self_mapping
926130,926130,self_mapping
926140,926140,self_mapping
926150,926150,self_mapping
927110,927110,self_mapping
928110,928110,self_mapping
928120,928120,self_mapping
