"Import Matrix, Rest of World, After Redefinitions"
"Import Matrix, Rest of World, After Redefinitions"
"June 30, 2025"
IOCode,Commodities/Industries,111,112,113FF,211,212,213,2211,2212NW,23EH,23MR,23OC,23OR,23OT,23PC,23SF,23TH,321,327,3311IS,3313NF,332,33311,33312,33313,3332OM,3341,3342,3344,3345,334X,335,336111,336112,33612,3362BP,3364,3365AO,337,3391,3399,311,3121,3122,313TT,315AL,322,323,324,3251,3252,3254,325X,326,4231,4234,4236,4238,423X,4242,4244,4247,424X,425,42ID,441,445,452,444,446,447,448,454,4A0X,481,482,483,484,485,486,48A,492,493,5111,5112,512,515,5171,5172,5174OT,518,519,521CI,523,524113,5241XX,5242,525,HSO,HST,ORE,532RL,5411,5415,5412,5413,5416,5417,5418,541X,55,5613,5617,561X,562,61,6211,6212,6213,6214,6215OH,622,623,624,711AS,713,721,722,811,812,813,814,GFGD,GFGN,GFE,GSLGE,GSLGH,GSLGO,GSLE,F010,F02E,F02N,F02R,F02S,F030,F040,F050,F06C,F06E,F06N,F06S,F07C,F07E,F07N,F07S,F10C,F10E,F10N,F10S
IOCode,Name,Crop production,Animal production and aquaculture,"Forestry, fishing, and related activities",Oil and gas extraction,"Mining, except oil and gas",Support activities for mining,"Electric power generation, transmission, and distribution","Natural gas distribution and water, sewage and other systems","Education, hospital, and health structures",Maintenance and repair construction,Office and commercial structures,Other residential construction,Other nonresidential structures,Power and communication structures,Single-family residential structures,Transportation structures and highways and streets,Wood products,Nonmetallic mineral products,Iron and steel mills and manufacturing from purchased steel,Nonferrous metal production and processing and foundries,Fabricated metal products,Agricultural implement manufacturing,Construction machinery manufacturing,Mining and oil and gas field machinery manufacturing,Other machinery,Computer and peripheral equipment manufacturing,Communications equipment manufacturing,Semiconductor and other electronic component manufacturing,"Navigational, measuring, electromedical, and control instruments manufacturing",Other computer and electronic product manufacturing,"Electrical equipment, appliances, and components",Automobile manufacturing,Light truck and utility vehicle manufacturing,Heavy duty truck manufacturing,"Motor vehicle body, trailer, and parts manufacturing",Aerospace product and parts manufacturing,All other transportation equipment manufacturing,Furniture and related products,Medical equipment and supplies manufacturing,Other miscellaneous manufacturing,Food manufacturing,Beverage manufacturing,Tobacco product manufacturing,Textile mills and textile product mills,Apparel and leather and allied products,Paper products,Printing and related support activities,Petroleum and coal products,Basic chemical manufacturing,"Resin, rubber, and artificial fibers manufacturing",Pharmaceutical and medicine manufacturing,Other chemical manufacturing,Plastics and rubber products,Motor vehicle and motor vehicle parts and supplies merchant wholesalers,Professional and commercial equipment and supplies merchant wholesalers,Household appliances and electrical and electronic goods merchant wholesalers,"Machinery, equipment, and supplies merchant wholesalers",Other durable goods merchant wholesalers,Drugs and druggists sundries merchant wholesalers,Grocery and related products merchant wholesalers,Petroleum and petroleum products merchant wholesalers,Other nondurable goods merchant wholesalers,Wholesale electronic markets and agents and brokers,Customs duties,Motor vehicle and parts dealers,Food and beverage stores,General merchandise stores,Building material and garden equipment and supplies dealers,Health and personal care stores,Gasoline stations,Clothing and clothing accessories stores,Nonstore retailers,All other retail,Air transportation,Rail transportation,Water transportation,Truck transportation,Transit and ground passenger transportation,Pipeline transportation,Scenic and sightseeing transportation and support activities,Couriers and messengers,Warehousing and storage,"Newspaper, periodical, book, and directory publishers",Software publishers,Motion picture and sound recording industries,Broadcasting (except Internet),Wired telecommunications carriers,Wireless telecommunications carriers (except satellites),"Other telecommunications, including satellite","Data processing, hosting, and related services",Other information services,"Federal Reserve banks, credit intermediation, and related activities","Securities, commodity contracts, and investments",Direct life insurance carriers,"Insurance Carriers, except Direct Life Insurance","Agencies, brokerages, and other insurance related activities","Funds, trusts, and other financial vehicles",Owner-occupied housing,Tenant-occupied housing,Other real estate,Rental and leasing services and lessors of intangible assets,Legal services,Computer systems design and related services,"Accounting, tax preparation, bookkeeping, and payroll services","Architectural, engineering, and related services","Management, scientific, and technical consulting services",Scientific research and development services,"Advertising, public relations, and related services","Specialized design services and other professional, scientific, and technical services",Management of companies and enterprises,Employment services,Services to buildings and dwellings,Other administrative and support services,Waste management and remediation services,Educational services,Offices of physicians,Offices of dentists,Offices of other health practitioners,Outpatient care centers,Other ambulatory health care services,Hospitals,Nursing and residential care facilities,Social assistance,"Performing arts, spectator sports, museums, and related activities","Amusements, gambling, and recreation industries",Accommodation,Food services and drinking places,Repair and maintenance,Personal and laundry services,"Religious, grantmaking, civic, professional, and similar organizations",Private households,Federal general government (defense),Federal general government (nondefense),Federal government enterprises,State and local government educational services,State and local government hospitals and health services,State and local government other services,State and local government enterprises,Personal consumption expenditures,Nonresidential private fixed investment in equipment,Nonresidential private fixed investment in intellectual property products,Residential private fixed investment,Nonresidential private fixed investment in structures,Change in private inventories,Exports of goods and services,Imports of goods and services,National defense: Consumption expenditures,Federal national defense: Gross investment in equipment,Federal national defense: Gross investment in intellectual property products,Federal national defense: Gross investment in structures,Nondefense: Consumption expenditures,Federal nondefense: Gross investment in equipment,Federal nondefense: Gross investment in intellectual property products,Federal nondefense: Gross investment in structures,State and local government consumption expenditures,State and local: Gross investment in equipment,State and local: Gross investment in intellectual property products,State and local: Gross investment in structures
111,Crop production,370,14,2,0,0,0,0,0,0,2,0,8,0,0,4,0,0,0,0,0,0,0,0,0,0,0,0,0,0,0,0,0,0,0,0,0,0,0,0,10,6692,697,50,-2,0,0,0,0,175,0,0,0,0,0,0,0,0,0,0,0,0,2,0,0,31,11,0,0,0,14,0,0,0,0,0,0,0,0,0,3,0,0,0,0,0,0,0,0,0,0,0,0,0,0,0,0,0,0,0,0,0,0,0,0,0,0,1,1,0,0,0,80,0,0,20,0,0,0,0,0,0,0,0,0,3,3,118,0,0,1,0,0,15,0,77,57,119,0,11076,0,0,0,0,47,0,0,0,0,0,0,0,0,0,0,0,0,0,0
112,Animal production and aquaculture,0,4,1,0,0,0,0,0,0,0,0,0,0,0,0,0,0,0,0,0,0,0,0,0,0,0,0,0,0,0,0,0,0,0,0,0,0,0,0,0,453,0,0,0,0,0,0,0,0,0,0,0,0,0,0,0,0,0,0,0,0,0,0,0,0,0,1,0,0,0,0,0,0,0,0,0,0,0,0,0,0,0,0,0,0,0,0,0,0,0,0,0,0,0,0,0,0,0,0,0,0,0,0,0,0,0,48,0,0,0,0,0,0,0,1,0,0,0,0,0,0,0,0,0,8,1,1867,0,0,0,0,2,0,0,0,0,0,0,466,0,0,0,0,-23,0,0,0,0,0,0,0,0,0,0,0,0,0,0
113FF,"Forestry, fishing, and related activities",19,3,1,0,0,0,0,0,0,0,0,0,0,0,0,0,16,0,0,0,0,0,0,0,0,0,0,0,0,0,0,0,0,0,0,0,0,8,0,26,1493,10,0,0,1,2,3,0,17,1,0,15,176,0,0,0,0,0,0,0,0,0,0,0,0,124,0,0,0,0,0,0,0,0,0,0,0,0,0,0,0,0,0,0,0,0,0,0,0,0,0,0,0,0,0,0,0,0,0,0,0,0,0,0,0,0,5,0,0,0,0,0,0,0,12,0,0,0,0,0,0,0,0,0,77,83,1472,0,0,22,0,0,0,3,25,92,54,0,1099,0,0,0,0,-14,0,0,0,0,0,0,0,0,0,0,0,0,0,0
211,Oil and gas extraction,0,0,0,932,0,0,35,64,0,0,0,0,0,0,0,0,1,0,0,0,0,0,0,0,0,0,0,0,0,0,0,0,0,0,0,0,0,0,0,0,0,0,0,0,0,0,0,50174,117,3,1,3,1,0,0,0,0,0,0,0,0,0,0,0,1,0,0,1,0,0,0,0,1,0,0,0,0,0,1,0,0,12,0,9,1,0,0,0,0,0,5,0,0,0,0,0,0,0,0,5,0,0,0,0,0,0,1,0,0,1,0,0,0,2,33,0,0,0,0,1,0,0,1,0,6,1,0,0,1,3,0,0,0,5,0,0,0,67,0,0,0,0,0,99,0,0,0,0,0,0,0,0,0,0,0,0,0,0
212,"Mining, except oil and gas",105,4,0,1,42,0,39,5,16,17,12,21,11,2,13,18,0,128,822,115,11,0,0,0,10,0,0,0,0,0,22,0,0,0,18,0,0,0,2,16,18,1,0,0,0,8,0,89,504,0,0,252,1,0,0,0,0,5,0,0,0,0,0,0,0,0,0,0,0,0,1,0,0,0,0,0,0,0,0,0,0,0,0,0,0,0,0,0,0,0,0,0,0,0,0,0,0,0,0,0,0,0,0,0,23,0,139,0,0,1,0,0,0,0,0,0,0,0,0,0,0,0,1,0,0,0,6,0,0,0,0,0,76,0,2,3,286,37,9,0,0,0,0,18,0,0,0,0,0,0,0,0,0,0,0,0,0,0
213,Support activities for mining,0,0,0,114,23,12,0,0,0,0,0,0,0,0,0,0,0,0,0,0,0,0,0,0,0,0,0,0,0,0,0,0,0,0,0,0,0,0,0,0,0,0,0,0,0,0,0,0,0,0,0,0,0,0,0,0,0,0,0,0,0,0,0,0,0,0,0,0,0,0,0,0,0,0,0,0,0,0,0,0,0,0,0,0,0,0,0,0,0,0,0,0,0,0,0,0,0,0,0,0,0,0,0,0,0,0,1,0,0,0,0,0,0,0,0,0,0,0,0,0,0,0,0,0,0,0,0,0,0,0,0,0,0,0,0,0,0,0,0,36,0,0,679,0,0,0,0,0,0,0,0,0,0,0,0,0,0,0
2211,"Electric power generation, transmission, and distribution",0,0,0,0,0,0,9,0,0,0,0,0,0,0,0,0,0,0,0,0,0,0,0,0,0,0,0,0,0,0,0,0,0,0,0,0,0,0,0,0,0,0,0,0,0,0,0,0,0,0,0,0,0,0,0,0,0,0,0,0,0,0,0,0,0,0,0,0,0,0,0,0,0,0,0,0,0,0,0,0,0,0,0,0,0,0,0,0,0,0,0,2,0,0,0,0,0,0,0,0,0,0,0,0,0,0,0,0,0,0,0,0,0,0,0,0,0,0,0,0,0,0,0,0,0,0,0,0,0,0,0,0,0,1,0,0,0,0,2,0,0,0,0,0,0,0,0,0,0,0,0,0,0,0,0,0,0,0
2212NW,"Natural gas distribution and water, sewage and other systems",0,0,0,0,0,0,0,0,0,0,0,0,0,0,0,0,0,0,0,0,0,0,0,0,0,0,0,0,0,0,0,0,0,0,0,0,0,0,0,0,0,0,0,0,0,0,0,0,0,0,0,0,0,0,0,0,0,0,0,0,0,0,0,0,0,0,0,0,0,0,0,0,0,0,0,0,0,0,0,0,0,0,0,0,0,0,0,0,0,0,0,0,0,0,0,0,0,0,0,0,0,0,0,0,0,0,0,0,0,0,0,0,0,0,0,0,0,0,0,0,0,0,0,0,0,0,0,0,0,0,0,0,0,0,0,0,0,0,0,0,0,0,0,0,0,0,0,0,0,0,0,0,0,0,0,0,0,0
23EH,"Education, hospital, and health structures",0,0,0,0,0,0,0,0,0,0,0,0,0,0,0,0,0,0,0,0,0,0,0,0,0,0,0,0,0,0,0,0,0,0,0,0,0,0,0,0,0,0,0,0,0,0,0,0,0,0,0,0,0,0,0,0,0,0,0,0,0,0,0,0,0,0,0,0,0,0,0,0,0,0,0,0,0,0,0,0,0,0,0,0,0,0,0,0,0,0,0,0,0,0,0,0,0,0,0,0,0,0,0,0,0,0,0,0,0,0,0,0,0,0,0,0,0,0,0,0,0,0,0,0,0,0,0,0,0,0,0,0,0,0,0,0,0,0,0,0,0,0,0,0,0,0,0,0,0,0,0,0,0,0,0,0,0,0
23MR,Maintenance and repair construction,0,0,0,0,0,0,0,0,0,0,0,0,0,0,0,0,0,0,0,0,0,0,0,0,0,0,0,0,0,0,0,0,0,0,0,0,0,0,0,0,0,0,0,0,0,0,0,0,0,0,0,0,0,0,0,0,0,0,0,0,0,0,0,0,0,0,0,0,0,0,0,0,0,0,0,0,0,0,0,0,0,0,0,0,0,0,0,0,0,0,0,0,0,0,0,0,0,0,0,0,0,0,0,0,0,0,0,0,0,0,0,0,0,0,0,0,0,0,0,0,0,0,0,0,0,0,0,0,0,0,0,0,0,0,0,0,0,0,0,0,0,0,0,0,0,0,0,0,0,0,0,0,0,0,0,0,0,0
23OC,Office and commercial structures,0,0,0,0,0,0,0,0,0,0,0,0,0,0,0,0,0,0,0,0,0,0,0,0,0,0,0,0,0,0,0,0,0,0,0,0,0,0,0,0,0,0,0,0,0,0,0,0,0,0,0,0,0,0,0,0,0,0,0,0,0,0,0,0,0,0,0,0,0,0,0,0,0,0,0,0,0,0,0,0,0,0,0,0,0,0,0,0,0,0,0,0,0,0,0,0,0,0,0,0,0,0,0,0,0,0,0,0,0,0,0,0,0,0,0,0,0,0,0,0,0,0,0,0,0,0,0,0,0,0,0,0,0,0,0,0,0,0,0,0,0,0,0,0,0,0,0,0,0,0,0,0,0,0,0,0,0,0
23OR,Other residential construction,0,0,0,0,0,0,0,0,0,0,0,0,0,0,0,0,0,0,0,0,0,0,0,0,0,0,0,0,0,0,0,0,0,0,0,0,0,0,0,0,0,0,0,0,0,0,0,0,0,0,0,0,0,0,0,0,0,0,0,0,0,0,0,0,0,0,0,0,0,0,0,0,0,0,0,0,0,0,0,0,0,0,0,0,0,0,0,0,0,0,0,0,0,0,0,0,0,0,0,0,0,0,0,0,0,0,0,0,0,0,0,0,0,0,0,0,0,0,0,0,0,0,0,0,0,0,0,0,0,0,0,0,0,0,0,0,0,0,0,0,0,0,0,0,0,0,0,0,0,0,0,0,0,0,0,0,0,0
23OT,Other nonresidential structures,0,0,0,0,0,0,0,0,0,0,0,0,0,0,0,0,0,0,0,0,0,0,0,0,0,0,0,0,0,0,0,0,0,0,0,0,0,0,0,0,0,0,0,0,0,0,0,0,0,0,0,0,0,0,0,0,0,0,0,0,0,0,0,0,0,0,0,0,0,0,0,0,0,0,0,0,0,0,0,0,0,0,0,0,0,0,0,0,0,0,0,0,0,0,0,0,0,0,0,0,0,0,0,0,0,0,0,0,0,0,0,0,0,0,0,0,0,0,0,0,0,0,0,0,0,0,0,0,0,0,0,0,0,0,0,0,0,0,0,0,0,0,0,0,0,0,0,0,0,0,0,0,0,0,0,0,0,0
23PC,Power and communication structures,0,0,0,0,0,0,0,0,0,0,0,0,0,0,0,0,0,0,0,0,0,0,0,0,0,0,0,0,0,0,0,0,0,0,0,0,0,0,0,0,0,0,0,0,0,0,0,0,0,0,0,0,0,0,0,0,0,0,0,0,0,0,0,0,0,0,0,0,0,0,0,0,0,0,0,0,0,0,0,0,0,0,0,0,0,0,0,0,0,0,0,0,0,0,0,0,0,0,0,0,0,0,0,0,0,0,0,0,0,0,0,0,0,0,0,0,0,0,0,0,0,0,0,0,0,0,0,0,0,0,0,0,0,0,0,0,0,0,0,0,0,0,0,0,0,0,0,0,0,0,0,0,0,0,0,0,0,0
23SF,Single-family residential structures,0,0,0,0,0,0,0,0,0,0,0,0,0,0,0,0,0,0,0,0,0,0,0,0,0,0,0,0,0,0,0,0,0,0,0,0,0,0,0,0,0,0,0,0,0,0,0,0,0,0,0,0,0,0,0,0,0,0,0,0,0,0,0,0,0,0,0,0,0,0,0,0,0,0,0,0,0,0,0,0,0,0,0,0,0,0,0,0,0,0,0,0,0,0,0,0,0,0,0,0,0,0,0,0,0,0,0,0,0,0,0,0,0,0,0,0,0,0,0,0,0,0,0,0,0,0,0,0,0,0,0,0,0,0,0,0,0,0,0,0,0,0,0,0,0,0,0,0,0,0,0,0,0,0,0,0,0,0
23TH,Transportation structures and highways and streets,0,0,0,0,0,0,0,0,0,0,0,0,0,0,0,0,0,0,0,0,0,0,0,0,0,0,0,0,0,0,0,0,0,0,0,0,0,0,0,0,0,0,0,0,0,0,0,0,0,0,0,0,0,0,0,0,0,0,0,0,0,0,0,0,0,0,0,0,0,0,0,0,0,0,0,0,0,0,0,0,0,0,0,0,0,0,0,0,0,0,0,0,0,0,0,0,0,0,0,0,0,0,0,0,0,0,0,0,0,0,0,0,0,0,0,0,0,0,0,0,0,0,0,0,0,0,0,0,0,0,0,0,0,0,0,0,0,0,0,0,0,0,0,0,0,0,0,0,0,0,0,0,0,0,0,0,0,0
321,Wood products,0,0,0,0,0,1,0,0,249,242,318,321,95,27,291,86,544,1,0,0,5,0,0,0,19,0,0,0,0,0,0,0,0,0,141,0,7,233,3,18,0,0,0,5,0,43,0,0,0,0,0,0,44,2,1,1,1,3,1,2,3,3,0,0,1,1,1,0,1,0,1,1,1,0,94,0,0,0,0,0,0,2,0,0,1,2,3,12,0,40,11,10,0,0,0,0,0,1,0,150,19,0,1,0,3,0,3,0,3,0,0,3,6,0,2,5,1,0,0,1,23,0,39,0,9,40,44,2,1,15,0,0,1,0,52,1,10,6,37,0,0,0,0,4,0,0,0,0,0,0,0,0,0,0,0,0,0,0
327,Nonmetallic mineral products,0,0,0,56,1,10,0,0,247,26,59,71,25,10,84,20,22,344,46,11,93,4,0,9,28,1,1,3,2,0,25,13,23,4,36,4,7,14,10,29,5,42,0,1,0,1,0,25,0,1,0,20,36,0,0,0,0,0,0,0,0,0,0,0,7,1,0,0,0,0,1,8,3,0,0,0,3,0,0,0,0,10,0,0,0,24,38,11,0,5,0,0,0,0,0,1,0,0,0,0,13,0,0,0,12,2,9,1,1,0,0,3,4,3,0,8,0,1,0,3,18,1,5,0,2,0,24,17,0,1,0,1,23,0,7,152,5,10,637,0,0,0,0,-8,0,0,0,0,0,0,0,0,0,0,0,0,0,0
3311IS,Iron and steel mills and manufacturing from purchased steel,2,2,0,132,9,25,0,0,62,27,16,26,14,3,13,2,6,67,3921,240,1248,96,156,83,483,0,5,16,8,1,111,0,139,4,281,204,52,65,13,53,0,0,0,3,0,1,0,0,9,0,0,0,25,0,0,0,0,17,0,0,0,1,0,0,0,0,0,0,0,0,0,0,0,0,0,0,0,0,0,0,0,0,0,0,0,1,1,0,0,1,17,0,0,0,0,0,0,0,0,91,4,0,0,0,41,0,9,0,0,2,0,12,7,7,8,0,0,1,2,1,0,0,13,1,9,1,1,6,4,2,0,0,0,0,0,0,0,5,7,0,0,0,0,14,0,0,0,0,0,0,0,0,0,0,0,0,0,0
3313NF,Nonferrous metal production and processing and foundries,0,0,0,0,0,0,0,0,2,10,1,11,3,14,10,2,15,8,1554,8167,904,4,2,4,348,1,12,385,29,0,1168,2,682,18,588,52,169,111,153,353,3,67,2,0,0,38,0,3,0,0,0,0,18,0,0,0,0,8,0,0,0,0,4,0,0,0,0,0,0,0,3,0,0,0,0,0,0,0,0,0,0,0,1,0,1,3,6,0,2,4,74,0,0,0,0,0,0,0,0,0,0,0,0,0,155,0,31,0,0,2,0,0,2,0,0,0,0,0,0,0,0,0,1,0,0,0,4,78,0,0,0,44,130,0,0,0,0,88,0,0,0,0,0,25,0,0,0,0,0,0,0,0,0,0,0,0,0,0
332,Fabricated metal products,2,22,0,44,0,0,0,6,116,86,131,199,81,39,125,85,36,2,6,1,80,1,6,2,41,0,3,1,2,0,6,1,6,1,19,12,16,6,2,2,40,10,7,0,0,16,0,1,8,3,0,23,17,0,2,0,0,1,0,0,0,2,0,0,2,0,0,0,0,1,0,1,2,0,0,1,1,1,0,0,0,1,0,0,0,32,17,8,0,4,6,1,0,0,0,0,0,0,0,7,4,0,24,0,43,0,11,0,0,1,0,6,7,15,3,0,0,0,0,0,11,0,35,0,5,6,30,18,0,8,0,79,12,0,3,5,11,32,531,129,0,0,0,-11,0,0,0,7,0,0,0,0,0,0,0,0,0,0
33311,Agricultural implement manufacturing,25,10,0,0,0,0,0,0,0,0,0,0,0,0,0,0,0,0,0,0,0,34,0,0,0,0,0,0,0,0,0,0,0,0,0,0,0,0,0,0,0,0,0,0,0,0,0,0,0,0,0,0,0,0,0,0,0,0,0,0,0,0,0,0,0,0,0,0,0,0,0,0,0,0,0,0,0,0,0,0,0,0,0,0,0,0,0,0,0,0,0,0,0,0,0,0,0,0,0,0,0,0,0,0,0,0,1,0,0,0,0,0,0,3,0,0,0,0,0,0,0,0,0,0,0,0,0,0,0,0,0,0,0,0,8,0,4,8,0,474,0,0,0,-1,0,0,0,0,0,0,0,0,0,0,0,0,0,0
33312,Construction machinery manufacturing,0,0,0,9,6,2,0,0,0,3,0,29,1,0,7,0,0,0,0,0,0,0,3,0,0,0,0,0,0,0,0,0,0,0,0,0,1,0,0,0,0,0,0,0,0,0,0,0,0,0,0,0,0,0,0,0,0,0,0,0,0,0,0,0,0,0,0,0,0,0,0,0,0,0,0,0,0,0,0,0,0,0,0,0,0,0,0,0,0,0,0,0,0,0,0,0,0,0,0,0,0,0,0,0,3,0,0,0,0,0,0,0,0,4,0,0,0,0,0,0,0,0,0,0,0,0,0,0,0,0,0,0,0,0,0,0,0,0,0,1331,0,0,0,-3,0,0,0,23,0,0,0,0,0,0,0,96,0,0
33313,Mining and oil and gas field machinery manufacturing,0,0,0,22,7,4,0,0,0,0,0,0,0,0,0,0,0,0,0,0,0,0,0,0,0,0,0,0,0,0,0,0,0,0,0,0,0,0,0,0,0,0,0,0,0,0,0,0,0,0,0,0,0,0,0,0,0,0,0,0,0,0,0,0,0,0,0,0,0,0,0,0,0,0,0,0,0,0,0,0,0,0,0,0,0,0,0,0,0,0,0,0,0,0,0,0,0,0,0,0,0,0,0,0,2,0,0,0,0,0,0,0,0,9,0,0,0,0,0,0,0,0,0,0,0,0,0,0,0,0,0,1,0,0,0,0,0,0,0,60,0,0,0,0,0,0,0,0,0,0,0,0,0,0,0,0,0,0
3332OM,Other machinery,0,0,0,210,8,44,4,0,144,7,113,20,143,1,5,6,2,1,2,4,90,12,35,38,683,0,1,1,3,0,47,10,123,68,319,17,7,1,0,8,4,8,0,0,0,10,28,1,5,2,0,27,14,0,0,0,23,1,0,0,0,1,0,0,1,0,0,0,0,0,0,0,0,0,1,0,3,5,0,12,0,1,0,0,0,0,0,2,0,0,0,0,0,0,3,0,0,0,0,0,2,0,44,0,19,0,8,0,9,1,0,17,2,25,3,6,0,0,1,4,3,0,0,0,1,0,2,47,6,1,0,23,69,-2,20,2,25,46,64,1152,0,0,0,11,0,0,0,4,0,0,0,1,0,0,0,25,0,0
3341,Computer and peripheral equipment manufacturing,0,0,0,0,0,0,0,0,1,0,0,0,0,0,0,0,0,0,0,0,0,0,0,0,0,8,1,1,3,0,0,0,1,0,0,0,0,0,0,0,0,0,0,0,0,0,0,0,0,0,0,0,1,0,0,0,0,0,0,0,0,0,0,0,1,1,2,0,0,1,0,1,0,0,0,0,1,0,0,0,0,0,1,0,0,0,1,2,0,1,2,1,4,0,0,0,2,0,0,2,0,2,2,1,2,3,1,2,3,6,1,5,3,1,2,0,0,0,0,1,0,0,2,0,1,1,1,0,0,1,0,1,1,0,4,1,1,0,59,61,0,0,0,0,0,0,0,0,0,0,0,0,0,0,0,35,0,0
3342,Communications equipment manufacturing,0,0,0,0,0,0,0,0,9,1,0,2,0,0,0,4,0,0,0,0,0,0,0,0,1,0,22,2,17,0,0,0,0,0,0,114,0,0,0,0,0,0,0,0,0,0,0,0,0,0,0,0,0,0,0,0,0,0,0,0,0,0,0,0,0,0,0,0,0,0,0,1,0,0,0,0,0,0,0,0,0,0,1,0,0,2,24,29,6,3,2,2,1,0,0,0,1,0,0,0,0,2,0,1,0,0,0,0,1,39,1,1,1,0,0,2,0,0,0,0,1,0,0,0,0,0,0,2,0,0,0,59,3,0,2,0,0,0,25,521,0,0,0,-6,0,0,0,42,0,0,0,5,0,0,0,3,0,0
3344,Semiconductor and other electronic component manufacturing,0,0,0,0,0,0,0,0,0,0,0,0,0,0,1,1,26,10,6,19,78,7,6,9,62,11,18,200,46,1,39,4,96,3,164,35,7,16,7,17,3,52,0,7,0,-11,12,5,9,7,0,32,23,24,-1,11,14,29,1126,0,0,22,2,0,7,0,0,0,5,0,0,0,0,0,0,0,0,0,0,0,0,0,0,40,0,0,116,91,15,56,0,7,5,0,0,0,0,0,0,0,1,0,80,1,4,0,35,0,3,0,0,0,12,0,4,0,0,0,0,0,4,2,0,0,0,0,0,136,0,0,0,1,12,0,1,0,2,0,1,0,0,0,0,-12,0,0,0,0,0,0,0,0,0,0,0,0,0,0
3345,"Navigational, measuring, electromedical, and control instruments manufacturing",0,0,0,0,0,0,1,0,7,3,5,11,1,0,2,0,0,0,0,0,8,0,0,0,13,0,12,10,50,0,-204,0,0,0,0,12,7,0,2,0,0,0,0,0,0,0,1,0,11,5,0,0,2,0,0,0,0,0,0,0,0,0,0,0,2,0,0,0,0,0,0,0,0,0,0,0,0,0,0,0,0,0,0,0,0,0,0,0,0,0,2,0,0,0,0,0,0,0,0,0,-1,1,5,1,38,0,4,0,5,0,0,0,3,15,1,284,19,1,33,13,15,3,0,0,0,0,0,1,1,-1,0,11,179,0,0,-1,0,56,2,2418,0,0,0,5,0,0,0,46,0,0,0,4,0,0,0,5,0,0
334X,Other computer and electronic product manufacturing,0,0,0,0,0,0,0,0,0,0,0,0,0,0,0,0,0,0,0,0,0,0,0,0,0,0,0,0,0,1,0,0,6,0,0,0,0,0,0,0,0,0,0,0,0,0,0,0,0,0,0,0,0,0,0,0,0,0,0,0,0,0,0,0,1,0,0,0,0,1,0,0,0,0,0,0,0,0,0,0,0,0,0,0,1,0,0,0,0,0,0,0,0,0,0,0,0,0,0,0,0,0,0,0,0,0,0,0,0,0,0,0,0,0,0,0,0,0,0,0,0,0,0,0,0,0,0,0,0,0,0,0,0,0,0,0,0,0,71,2,0,0,0,-1,0,0,0,0,0,0,0,0,0,0,0,0,0,0
335,"Electrical equipment, appliances, and components",4,2,0,0,0,0,0,0,152,207,116,253,88,80,92,45,3,2,9,6,37,9,14,5,325,4,9,12,24,1,225,0,16,1,152,18,46,2,18,3,19,9,0,1,0,9,2,2,6,5,0,5,32,0,0,0,0,0,0,0,0,0,0,0,6,1,3,1,0,1,0,3,1,0,0,0,1,1,0,1,0,1,0,0,0,0,19,150,7,11,0,3,2,0,0,2,0,0,0,5,14,0,74,16,111,7,12,0,138,0,1,2,123,10,1,0,0,0,0,0,11,1,14,0,4,1,43,31,0,5,0,8,87,1,8,3,1,43,266,930,0,2,0,-11,0,0,0,4,0,0,0,4,0,0,0,5,0,0
336111,Automobile manufacturing,0,0,0,0,0,0,0,0,0,0,0,0,0,0,0,0,0,0,0,0,0,0,0,0,0,0,0,0,0,0,0,0,0,0,0,0,0,0,0,0,0,0,0,0,0,0,0,0,0,0,0,0,0,0,0,0,0,0,0,0,0,0,0,0,0,0,0,0,0,0,0,0,0,0,0,0,0,0,0,0,0,0,0,0,0,0,0,0,0,0,0,0,0,0,0,0,0,0,0,0,0,0,0,0,0,0,0,0,0,0,0,0,0,0,0,0,0,0,0,0,0,0,0,0,0,0,0,0,0,0,0,0,0,0,0,0,0,0,63,145,0,0,0,27,0,0,0,70,0,0,0,70,0,0,0,176,0,0
336112,Light truck and utility vehicle manufacturing,0,0,0,0,0,0,0,0,0,0,0,0,0,0,0,0,0,0,0,0,0,0,0,0,0,0,0,0,0,0,0,0,0,0,0,0,0,0,0,0,0,0,0,0,0,0,0,0,0,0,0,0,0,0,0,0,0,0,0,0,0,0,0,0,0,0,0,0,0,0,0,0,0,0,0,0,0,0,0,0,0,0,0,0,0,0,0,0,0,0,0,0,0,0,0,0,0,0,0,0,0,0,0,0,0,0,0,0,0,0,0,0,0,0,0,0,0,0,0,0,0,0,0,0,0,0,0,0,0,0,0,0,0,0,0,0,0,0,575,628,0,0,0,31,0,0,0,0,0,0,0,0,0,0,0,0,0,0
33612,Heavy duty truck manufacturing,0,0,0,0,0,0,0,0,0,0,0,0,0,0,0,0,0,0,0,0,0,0,0,0,0,0,0,0,0,0,0,0,0,1,1,0,0,0,0,0,0,0,0,0,0,0,0,0,0,0,0,0,0,0,0,0,0,0,0,0,0,0,0,0,0,0,0,0,0,0,0,0,0,0,0,0,0,0,0,0,0,0,0,0,0,0,0,0,0,0,0,0,0,0,0,0,0,0,0,0,0,0,0,0,0,0,0,0,0,0,0,0,0,0,0,0,0,0,0,0,0,0,0,0,0,0,0,0,0,0,0,0,0,0,0,0,0,0,0,19,0,0,0,0,0,0,0,0,0,0,0,0,0,0,0,13,0,0
3362BP,"Motor vehicle body, trailer, and parts manufacturing",18,12,0,10,4,1,0,0,0,44,0,0,0,0,0,0,10,5,5,1,7,59,30,1,19,0,13,3,4,0,3,39,608,47,428,4,12,2,1,2,12,8,0,0,0,6,1,1,1,1,0,3,3,22,2,9,15,29,2,41,4,20,8,0,34,29,3,17,12,2,1,36,2,0,0,0,39,12,0,0,0,33,3,0,2,7,1,1,0,1,17,1,0,0,0,0,0,0,0,0,35,0,1,0,12,7,24,6,7,10,4,209,28,14,24,2,0,0,7,7,85,4,54,0,2,1,19,168,13,14,0,87,9,10,42,2,43,15,400,65,0,0,0,40,0,0,0,0,0,0,0,0,0,0,0,0,0,0
3364,Aerospace product and parts manufacturing,0,0,0,0,0,0,0,0,0,0,0,0,0,0,0,0,0,0,0,0,0,0,0,0,0,0,0,0,0,0,0,0,0,0,0,-115,0,0,0,0,0,0,0,0,0,0,0,0,0,0,0,0,0,0,0,0,0,0,0,0,0,0,0,0,0,0,0,0,0,0,0,0,0,0,0,0,0,0,0,4,19,0,0,0,0,0,0,0,0,0,0,0,0,0,0,0,0,0,0,0,0,0,0,0,0,0,0,0,0,0,0,0,0,0,0,0,0,0,0,0,0,0,0,0,0,0,0,0,0,0,0,71,10,0,0,0,0,0,26,979,0,0,0,2059,0,0,0,5,0,0,0,1,0,0,0,0,0,0
3365AO,All other transportation equipment manufacturing,0,0,0,0,0,0,0,0,0,0,0,0,0,0,0,0,0,0,0,0,0,0,0,0,0,0,0,0,0,0,0,0,0,0,0,0,28,0,0,0,0,0,0,0,0,0,0,0,0,0,0,0,0,0,0,0,0,0,0,0,0,0,0,0,0,0,0,0,0,0,0,0,0,0,3,0,0,0,0,0,0,0,0,0,0,0,0,0,0,0,0,0,0,0,0,0,0,0,0,0,0,0,0,0,0,0,0,0,0,0,0,0,0,0,0,0,0,0,0,0,0,0,0,0,0,0,0,0,0,0,0,0,1,0,0,0,0,1,154,15,0,0,0,12,0,0,0,11,0,0,0,0,0,0,0,0,0,0
337,Furniture and related products,0,0,0,0,0,0,0,0,0,0,0,0,0,0,0,0,1,0,0,0,0,0,0,0,0,0,0,0,0,0,0,0,0,0,0,0,0,24,0,0,0,0,0,0,0,0,0,0,0,0,0,0,0,0,0,0,0,1,0,5,0,2,0,0,1,0,0,0,0,0,3,3,12,0,0,0,0,0,0,0,0,0,0,0,0,0,0,0,0,0,0,0,0,0,0,0,0,9,0,0,0,0,0,0,0,0,2,0,4,0,0,0,0,0,0,0,0,0,0,1,0,0,0,5,3,0,0,2,0,0,0,0,0,0,0,0,0,7,338,96,0,3,0,-8,0,0,0,0,0,0,0,0,0,0,0,2,0,0
3391,Medical equipment and supplies manufacturing,0,0,0,0,0,0,0,0,0,0,0,0,0,0,0,0,0,0,0,0,0,0,0,0,0,0,0,0,0,0,0,0,0,0,0,0,0,0,239,0,0,0,0,0,0,0,0,0,0,0,0,0,0,0,0,0,0,0,0,0,0,0,0,0,0,0,0,0,0,0,0,0,0,0,0,0,0,0,0,0,0,0,0,0,0,0,0,0,0,0,0,0,0,0,0,0,0,0,0,0,0,0,0,0,0,0,1,0,103,0,0,0,0,0,0,1171,74,0,59,5,2584,38,1,0,0,0,0,0,0,0,0,149,22,0,0,212,0,0,1661,3106,0,0,0,-7,0,0,0,3,0,0,0,1,0,0,0,15,0,0
3399,Other miscellaneous manufacturing,0,0,0,0,0,0,0,0,0,0,0,1,0,0,0,0,0,1,0,0,0,0,0,2,7,0,0,0,0,0,2,0,3,0,8,0,0,0,0,142,0,0,0,0,0,0,0,0,1,0,0,0,0,0,0,0,0,0,1,1,0,0,0,0,24,1,0,0,0,0,1,20,0,0,0,0,0,0,0,0,0,0,0,0,0,0,0,0,0,2,0,0,0,0,0,0,0,0,0,3,2,0,0,1,2,0,1,0,1,0,0,50,1,0,4,0,0,0,0,0,5,0,6,1,1,0,8,2,11,5,0,0,3,0,20,2,4,0,4382,2,0,0,0,-62,0,0,0,0,0,0,0,0,0,0,0,0,0,0
311,Food manufacturing,0,60,0,0,0,0,0,0,0,0,0,0,0,0,0,0,0,7,0,0,0,0,0,0,0,0,0,0,0,0,0,0,0,0,0,0,0,0,0,4,3347,450,0,2,0,5,0,22,9,0,41,105,2,0,0,0,0,0,0,0,0,24,1,0,0,16,11,0,0,0,0,0,0,6,0,3,1,0,0,0,0,0,0,0,0,0,0,0,0,0,4,0,0,0,0,0,0,0,0,0,0,0,0,0,2,0,9,0,6,0,0,0,0,0,54,0,0,0,0,0,113,42,144,0,17,39,918,0,0,14,0,61,0,12,397,361,206,0,8389,0,0,0,0,7,0,0,0,0,0,0,0,0,0,0,0,0,0,0
3121,Beverage manufacturing,0,0,0,0,0,0,0,0,0,0,0,0,0,0,0,0,0,0,0,0,0,0,0,0,0,0,0,0,0,0,0,0,0,0,0,0,0,0,0,0,0,18,0,0,0,0,0,0,0,0,0,0,0,0,0,0,0,0,0,0,0,0,0,0,0,0,0,0,0,0,0,0,0,2,0,0,0,0,0,0,0,0,0,0,0,0,0,0,0,0,0,0,0,0,0,0,0,0,0,0,0,0,0,0,0,0,1,0,0,0,0,0,0,0,0,0,0,0,0,0,0,0,0,1,10,5,89,0,0,1,0,0,0,0,0,1,0,0,896,0,0,0,0,-2,0,0,0,0,0,0,0,0,0,0,0,0,0,0
3122,Tobacco product manufacturing,0,0,0,0,0,0,0,0,0,0,0,0,0,0,0,0,0,0,0,0,0,0,0,0,0,0,0,0,0,0,0,0,0,0,0,0,0,0,0,0,0,0,363,0,0,0,0,0,0,0,0,0,0,0,0,0,0,0,0,0,0,0,0,0,0,0,0,0,0,0,0,0,0,0,0,0,0,0,0,0,0,0,0,0,0,0,0,0,0,0,0,0,0,0,0,0,0,0,0,0,0,0,0,0,0,0,0,0,0,0,0,0,0,0,0,0,0,0,0,0,0,0,0,0,0,0,0,0,0,0,0,0,0,0,1,0,3,0,1581,0,0,0,0,-9,0,0,0,0,0,0,0,0,0,0,0,0,0,0
313TT,Textile mills and textile product mills,0,0,0,0,0,0,0,0,2,6,2,3,0,0,1,0,5,2,0,0,0,0,0,0,2,0,0,0,0,0,0,0,9,3,6,0,2,65,1,2,1,0,0,82,40,12,1,0,0,0,0,0,88,2,4,7,1,8,8,3,5,6,0,0,0,1,58,0,1,0,23,1,1,0,0,0,0,0,0,0,0,0,0,0,2,0,0,0,0,0,0,0,0,0,0,0,0,0,0,0,1,0,0,0,0,0,3,0,2,0,0,2,0,3,0,1,0,0,0,0,8,27,16,0,1,12,2,1,3,1,0,4,5,0,1,20,9,0,430,1,0,5,0,-13,0,0,0,0,0,0,0,0,0,0,0,0,0,0
315AL,Apparel and leather and allied products,0,0,0,0,0,0,0,0,0,0,0,0,0,0,0,0,0,0,0,0,0,0,0,0,0,0,0,0,0,0,0,3,14,0,45,0,0,0,0,0,1,0,0,0,37,0,0,0,0,0,0,0,0,0,0,0,0,0,0,0,0,1,0,0,0,0,0,0,0,0,1,0,0,0,0,0,0,0,0,0,0,0,0,0,0,0,0,0,0,0,0,0,0,0,0,0,0,0,0,0,0,0,0,0,0,0,0,0,0,0,0,0,0,0,0,0,0,0,0,0,0,0,0,0,0,0,0,7,0,0,0,3,1,-3,8,1,59,0,16667,0,0,0,0,-246,0,0,0,0,0,0,0,0,0,0,0,0,0,0
322,Paper products,4,0,0,0,0,0,0,0,0,1,0,1,0,0,5,0,1,4,1,1,2,0,0,0,2,0,0,0,0,0,2,0,2,0,3,0,0,1,1,1,82,2,4,1,0,1801,74,0,0,53,0,9,12,6,2,4,5,8,3,8,3,10,1,0,1,4,1,0,2,0,1,5,1,0,0,0,0,6,0,8,1,0,0,0,0,0,0,0,0,0,0,4,1,0,0,4,0,0,0,2,3,0,1,0,1,1,0,1,2,0,1,3,3,0,1,1,1,0,2,1,8,4,3,0,0,28,13,0,1,1,0,1,11,0,30,12,13,0,141,0,0,0,0,-10,0,0,0,0,0,0,0,0,0,0,0,0,0,0
323,Printing and related support activities,0,0,0,0,0,0,0,0,0,0,0,0,0,0,0,0,0,0,0,0,0,0,0,0,0,0,0,0,0,0,0,0,0,0,0,0,0,0,0,0,0,0,0,0,0,0,-2,0,0,0,0,0,0,1,0,0,0,0,0,0,0,0,0,0,0,0,0,0,0,0,0,0,0,0,0,0,0,0,0,0,0,0,0,0,0,1,1,0,0,0,-1,1,-3,0,2,3,0,0,0,0,-1,0,0,0,0,0,0,-1,0,1,0,0,2,0,-1,0,0,0,0,0,0,0,0,0,0,6,0,0,0,0,0,-3,-20,0,0,2,-1,0,-13,0,0,0,0,1,0,0,0,0,0,0,0,0,0,0,0,0,0,0
324,Petroleum and coal products,702,204,13,93,160,51,3004,230,20,70,30,59,37,18,36,43,16,12,22,4,46,0,13,0,35,0,0,2,0,0,27,0,2,0,6,9,1,1,1,4,38,7,8,3,0,174,65,1169,174,100,3,290,33,6,2,12,3,12,1,7,4,10,1,0,15,4,3,7,1,3,1,4,3,1404,535,697,353,23,2,67,354,55,1,3,1,1,1,5,0,2,1,18,16,0,0,1,11,0,0,26,12,0,7,0,24,1,8,1,3,17,0,95,15,101,40,2,0,0,2,3,23,11,10,5,9,15,78,11,16,17,0,526,67,25,2452,107,2250,1235,1745,0,0,0,0,304,0,0,0,0,0,0,0,0,0,0,0,0,0,0
3251,Basic chemical manufacturing,30,0,0,202,13,6,10,4,4,3,0,3,1,0,0,1,16,116,17,14,15,0,0,0,6,0,1,30,1,0,6,0,7,0,17,9,1,1,6,11,80,4,6,12,0,122,2,292,1138,520,4,381,296,0,1,1,0,2,0,2,2,4,0,0,1,1,1,0,0,0,0,1,0,0,2,0,3,0,0,0,0,0,0,0,0,0,8,5,1,0,0,0,0,0,0,0,0,0,0,212,0,0,0,1,1,5,28,2,17,0,0,26,24,22,18,42,5,39,9,102,26,4,-2,0,1,1,42,10,0,0,0,2,12,1,101,442,88,-5,26,3,0,0,0,100,0,0,0,0,0,0,0,0,0,0,0,0,0,0
3252,"Resin, rubber, and artificial fibers manufacturing",0,0,0,0,0,0,0,0,0,0,0,0,0,0,0,0,5,6,3,0,3,0,0,0,2,0,0,0,1,0,5,0,0,0,13,0,1,2,14,11,2,0,6,57,0,5,0,0,1,48,0,35,264,0,0,0,0,0,0,0,0,0,0,0,0,0,0,0,0,0,0,0,0,0,0,0,0,0,0,0,0,0,0,0,0,0,0,0,0,0,0,0,0,0,0,0,0,0,0,0,0,0,0,0,2,0,0,0,0,0,0,0,0,0,0,0,0,0,0,0,0,0,0,0,0,0,0,0,0,0,0,0,0,0,0,0,0,0,0,0,0,0,0,0,0,0,0,0,0,0,0,0,0,0,0,0,0,0
3254,Pharmaceutical and medicine manufacturing,0,1,0,0,0,0,0,0,0,0,0,0,0,0,0,0,0,0,0,0,0,0,0,0,0,0,0,0,0,0,0,0,0,0,0,0,0,0,0,0,2,0,0,0,0,0,0,0,0,0,12040,0,0,0,0,0,0,0,0,0,0,0,0,0,0,0,0,0,0,0,0,0,0,0,0,0,0,0,0,0,0,0,0,0,0,0,0,0,0,0,0,0,0,0,0,0,0,0,0,0,0,0,0,0,0,0,8725,0,35,385,0,0,0,0,0,10,0,2288,0,24,29,0,0,0,0,0,0,0,0,0,0,12,1,0,0,0,0,0,11224,0,0,0,0,-93,0,0,0,0,0,0,0,0,0,0,0,0,0,0
325X,Other chemical manufacturing,892,52,84,0,34,15,0,1,179,137,93,278,106,23,193,42,5,6,2,0,99,0,0,0,1,0,0,0,1,0,1,0,18,0,4,0,0,2,1,2,30,2,1,1,3,28,20,142,73,16,0,386,24,0,0,0,1,0,0,0,0,148,1,0,0,0,0,6,0,0,0,0,0,0,1,0,0,0,0,0,0,0,0,0,30,0,0,0,0,0,6,0,0,0,0,0,0,4,0,20,0,0,1,0,2,1,75,6,35,15,4,306,3,8,11,1,1,1,8,9,27,2,2,0,9,0,1,1,27,1,0,13,79,0,34,68,369,66,898,0,0,0,0,11,0,0,0,0,0,0,0,0,0,0,0,0,0,0
326,Plastics and rubber products,12,3,0,1,8,6,0,0,100,82,31,95,20,13,46,9,15,8,15,5,20,22,16,3,58,1,2,13,22,1,30,12,230,16,71,1,31,14,5,23,89,11,1,0,0,34,79,6,22,8,1,42,218,10,5,3,8,14,13,27,6,31,2,0,7,7,4,2,3,5,2,15,3,8,0,0,17,2,1,0,1,4,2,1,1,2,-1,9,1,1,1,0,1,0,0,15,0,0,0,4,26,0,3,0,9,2,9,2,2,2,1,8,9,2,18,27,1,0,1,-1,37,5,20,0,3,1,18,7,3,6,0,26,-7,1,29,90,14,11,1057,25,0,0,0,10,0,0,0,0,0,0,0,1,0,0,0,0,0,0
4231,Motor vehicle and motor vehicle parts and supplies merchant wholesalers,0,0,0,0,0,0,0,0,0,0,0,0,0,0,0,0,0,0,0,0,0,0,0,0,0,0,0,0,0,0,0,0,0,0,0,0,0,0,0,0,0,0,0,0,0,0,0,0,0,0,0,0,0,0,0,0,0,0,0,0,0,0,0,0,0,0,0,0,0,0,0,0,0,0,0,0,0,0,0,0,0,0,0,0,0,0,0,0,0,0,0,0,0,0,0,0,0,0,0,0,0,0,0,0,0,0,0,0,0,0,0,0,0,0,0,0,0,0,0,0,0,0,0,0,0,0,0,0,0,0,0,0,0,0,0,0,0,0,0,0,0,0,0,0,0,0,0,0,0,0,0,0,0,0,0,0,0,0
4234,Professional and commercial equipment and supplies merchant wholesalers,0,0,0,0,0,0,0,0,0,0,0,0,0,0,0,0,0,0,0,0,0,0,0,0,0,0,0,0,0,0,0,0,0,0,0,0,0,0,0,0,0,0,0,0,0,0,0,0,0,0,0,0,0,0,0,0,0,0,0,0,0,0,0,0,0,0,0,0,0,0,0,0,0,0,0,0,0,0,0,0,0,0,0,0,0,0,0,0,0,0,0,0,0,0,0,0,0,0,0,0,0,0,0,0,0,0,0,0,0,0,0,0,0,0,0,0,0,0,0,0,0,0,0,0,0,0,0,0,0,0,0,0,0,0,0,0,0,0,0,0,0,0,0,0,0,0,0,0,0,0,0,0,0,0,0,0,0,0
4236,Household appliances and electrical and electronic goods merchant wholesalers,0,0,0,0,0,0,0,0,0,0,0,0,0,0,0,0,0,0,0,0,0,0,0,0,0,0,0,0,0,0,0,0,0,0,0,0,0,0,0,0,0,0,0,0,0,0,0,0,0,0,0,0,0,0,0,0,0,0,0,0,0,0,0,0,0,0,0,0,0,0,0,0,0,0,0,0,0,0,0,0,0,0,0,0,0,0,0,0,0,0,0,0,0,0,0,0,0,0,0,0,0,0,0,0,0,0,0,0,0,0,0,0,0,0,0,0,0,0,0,0,0,0,0,0,0,0,0,0,0,0,0,0,0,0,0,0,0,0,0,0,0,0,0,0,0,0,0,0,0,0,0,0,0,0,0,0,0,0
4238,"Machinery, equipment, and supplies merchant wholesalers",0,0,0,0,0,0,0,0,0,0,0,0,0,0,0,0,0,0,0,0,0,0,0,0,0,0,0,0,0,0,0,0,0,0,0,0,0,0,0,0,0,0,0,0,0,0,0,0,0,0,0,0,0,0,0,0,0,0,0,0,0,0,0,0,0,0,0,0,0,0,0,0,0,0,0,0,0,0,0,0,0,0,0,0,0,0,0,0,0,0,0,0,0,0,0,0,0,0,0,0,0,0,0,0,0,0,0,0,0,0,0,0,0,0,0,0,0,0,0,0,0,0,0,0,0,0,0,0,0,0,0,0,0,0,0,0,0,0,0,0,0,0,0,0,0,0,0,0,0,0,0,0,0,0,0,0,0,0
423X,Other durable goods merchant wholesalers,0,0,0,0,0,0,0,0,0,0,0,0,0,0,0,0,0,0,0,0,0,0,0,0,0,0,0,0,0,0,0,0,0,0,0,0,0,0,0,0,0,0,0,0,0,0,0,0,0,0,0,0,0,0,0,0,0,0,0,0,0,0,0,0,0,0,0,0,0,0,0,0,0,0,0,0,0,0,0,0,0,0,0,0,0,0,0,0,0,0,0,0,0,0,0,0,0,0,0,0,0,0,0,0,0,0,0,0,0,0,0,0,0,0,0,0,0,0,0,0,0,0,0,0,0,0,0,0,0,0,0,0,0,0,0,0,0,0,0,0,0,0,0,0,0,0,0,0,0,0,0,0,0,0,0,0,0,0
4242,Drugs and druggists sundries merchant wholesalers,0,0,0,0,0,0,0,0,0,0,0,0,0,0,0,0,0,0,0,0,0,0,0,0,0,0,0,0,0,0,0,0,0,0,0,0,0,0,0,0,0,0,0,0,0,0,0,0,0,0,0,0,0,0,0,0,0,0,0,0,0,0,0,0,0,0,0,0,0,0,0,0,0,0,0,0,0,0,0,0,0,0,0,0,0,0,0,0,0,0,0,0,0,0,0,0,0,0,0,0,0,0,0,0,0,0,0,0,0,0,0,0,0,0,0,0,0,0,0,0,0,0,0,0,0,0,0,0,0,0,0,0,0,0,0,0,0,0,0,0,0,0,0,0,0,0,0,0,0,0,0,0,0,0,0,0,0,0
4244,Grocery and related products merchant wholesalers,0,0,0,0,0,0,0,0,0,0,0,0,0,0,0,0,0,0,0,0,0,0,0,0,0,0,0,0,0,0,0,0,0,0,0,0,0,0,0,0,0,0,0,0,0,0,0,0,0,0,0,0,0,0,0,0,0,0,0,0,0,0,0,0,0,0,0,0,0,0,0,0,0,0,0,0,0,0,0,0,0,0,0,0,0,0,0,0,0,0,0,0,0,0,0,0,0,0,0,0,0,0,0,0,0,0,0,0,0,0,0,0,0,0,0,0,0,0,0,0,0,0,0,0,0,0,0,0,0,0,0,0,0,0,0,0,0,0,0,0,0,0,0,0,0,0,0,0,0,0,0,0,0,0,0,0,0,0
4247,Petroleum and petroleum products merchant wholesalers,0,0,0,0,0,0,0,0,0,0,0,0,0,0,0,0,0,0,0,0,0,0,0,0,0,0,0,0,0,0,0,0,0,0,0,0,0,0,0,0,0,0,0,0,0,0,0,0,0,0,0,0,0,0,0,0,0,0,0,0,0,0,0,0,0,0,0,0,0,0,0,0,0,0,0,0,0,0,0,0,0,0,0,0,0,0,0,0,0,0,0,0,0,0,0,0,0,0,0,0,0,0,0,0,0,0,0,0,0,0,0,0,0,0,0,0,0,0,0,0,0,0,0,0,0,0,0,0,0,0,0,0,0,0,0,0,0,0,0,0,0,0,0,0,0,0,0,0,0,0,0,0,0,0,0,0,0,0
424X,Other nondurable goods merchant wholesalers,0,0,0,0,0,0,0,0,0,0,0,0,0,0,0,0,0,0,0,0,0,0,0,0,0,0,0,0,0,0,0,0,0,0,0,0,0,0,0,0,0,0,0,0,0,0,0,0,0,0,0,0,0,0,0,0,0,0,0,0,0,0,0,0,0,0,0,0,0,0,0,0,0,0,0,0,0,0,0,0,0,0,0,0,0,0,0,0,0,0,0,0,0,0,0,0,0,0,0,0,0,0,0,0,0,0,0,0,0,0,0,0,0,0,0,0,0,0,0,0,0,0,0,0,0,0,0,0,0,0,0,0,0,0,0,0,0,0,0,0,0,0,0,0,0,0,0,0,0,0,0,0,0,0,0,0,0,0
425,Wholesale electronic markets and agents and brokers,0,0,0,0,0,0,0,0,0,0,0,0,0,0,0,0,0,0,0,0,0,0,0,0,0,0,0,0,0,0,0,0,0,0,0,0,0,0,0,0,0,0,0,0,0,0,0,0,0,0,0,0,0,0,0,0,0,0,0,0,0,0,0,0,0,0,0,0,0,0,0,0,0,0,0,0,0,0,0,0,0,0,0,0,0,0,0,0,0,0,0,0,0,0,0,0,0,0,0,0,0,0,0,0,0,0,0,0,0,0,0,0,0,0,0,0,0,0,0,0,0,0,0,0,0,0,0,0,0,0,0,0,0,0,0,0,0,0,0,0,0,0,0,0,0,0,0,0,0,0,0,0,0,0,0,0,0,0
42ID,Customs duties,0,0,0,0,0,0,0,0,0,0,0,0,0,0,0,0,0,0,0,0,0,0,0,0,0,0,0,0,0,0,0,0,0,0,0,0,0,0,0,0,0,0,0,0,0,0,0,0,0,0,0,0,0,0,0,0,0,0,0,0,0,0,0,0,0,0,0,0,0,0,0,0,0,0,0,0,0,0,0,0,0,0,0,0,0,0,0,0,0,0,0,0,0,0,0,0,0,0,0,0,0,0,0,0,0,0,0,0,0,0,0,0,0,0,0,0,0,0,0,0,0,0,0,0,0,0,0,0,0,0,0,0,0,0,0,0,0,0,0,0,0,0,0,0,0,0,0,0,0,0,0,0,0,0,0,0,0,0
441,Motor vehicle and parts dealers,0,0,0,0,0,0,0,0,0,0,0,0,0,0,0,0,0,0,0,0,0,0,0,0,0,0,0,0,0,0,0,0,0,0,0,0,0,0,0,0,0,0,0,0,0,0,0,0,0,0,0,0,0,0,0,0,0,0,0,0,0,0,0,0,0,0,0,0,0,0,0,0,0,0,0,0,0,0,0,0,0,0,0,0,0,0,0,0,0,0,0,0,0,0,0,0,0,0,0,0,0,0,0,0,0,0,0,0,0,0,0,0,0,0,0,0,0,0,0,0,0,0,0,0,0,0,0,0,0,0,0,0,0,0,0,0,0,0,0,0,0,0,0,0,0,0,0,0,0,0,0,0,0,0,0,0,0,0
445,Food and beverage stores,0,0,0,0,0,0,0,0,0,0,0,0,0,0,0,0,0,0,0,0,0,0,0,0,0,0,0,0,0,0,0,0,0,0,0,0,0,0,0,0,0,0,0,0,0,0,0,0,0,0,0,0,0,0,0,0,0,0,0,0,0,0,0,0,0,0,0,0,0,0,0,0,0,0,0,0,0,0,0,0,0,0,0,0,0,0,0,0,0,0,0,0,0,0,0,0,0,0,0,0,0,0,0,0,0,0,0,0,0,0,0,0,0,0,0,0,0,0,0,0,0,0,0,0,0,0,0,0,0,0,0,0,0,0,0,0,0,0,0,0,0,0,0,0,0,0,0,0,0,0,0,0,0,0,0,0,0,0
452,General merchandise stores,0,0,0,0,0,0,0,0,0,0,0,0,0,0,0,0,0,0,0,0,0,0,0,0,0,0,0,0,0,0,0,0,0,0,0,0,0,0,0,0,0,0,0,0,0,0,0,0,0,0,0,0,0,0,0,0,0,0,0,0,0,0,0,0,0,0,0,0,0,0,0,0,0,0,0,0,0,0,0,0,0,0,0,0,0,0,0,0,0,0,0,0,0,0,0,0,0,0,0,0,0,0,0,0,0,0,0,0,0,0,0,0,0,0,0,0,0,0,0,0,0,0,0,0,0,0,0,0,0,0,0,0,0,0,0,0,0,0,0,0,0,0,0,0,0,0,0,0,0,0,0,0,0,0,0,0,0,0
444,Building material and garden equipment and supplies dealers,0,0,0,0,0,0,0,0,0,0,0,0,0,0,0,0,0,0,0,0,0,0,0,0,0,0,0,0,0,0,0,0,0,0,0,0,0,0,0,0,0,0,0,0,0,0,0,0,0,0,0,0,0,0,0,0,0,0,0,0,0,0,0,0,0,0,0,0,0,0,0,0,0,0,0,0,0,0,0,0,0,0,0,0,0,0,0,0,0,0,0,0,0,0,0,0,0,0,0,0,0,0,0,0,0,0,0,0,0,0,0,0,0,0,0,0,0,0,0,0,0,0,0,0,0,0,0,0,0,0,0,0,0,0,0,0,0,0,0,0,0,0,0,0,0,0,0,0,0,0,0,0,0,0,0,0,0,0
446,Health and personal care stores,0,0,0,0,0,0,0,0,0,0,0,0,0,0,0,0,0,0,0,0,0,0,0,0,0,0,0,0,0,0,0,0,0,0,0,0,0,0,0,0,0,0,0,0,0,0,0,0,0,0,0,0,0,0,0,0,0,0,0,0,0,0,0,0,0,0,0,0,0,0,0,0,0,0,0,0,0,0,0,0,0,0,0,0,0,0,0,0,0,0,0,0,0,0,0,0,0,0,0,0,0,0,0,0,0,0,0,0,0,0,0,0,0,0,0,0,0,0,0,0,0,0,0,0,0,0,0,0,0,0,0,0,0,0,0,0,0,0,0,0,0,0,0,0,0,0,0,0,0,0,0,0,0,0,0,0,0,0
447,Gasoline stations,0,0,0,0,0,0,0,0,0,0,0,0,0,0,0,0,0,0,0,0,0,0,0,0,0,0,0,0,0,0,0,0,0,0,0,0,0,0,0,0,0,0,0,0,0,0,0,0,0,0,0,0,0,0,0,0,0,0,0,0,0,0,0,0,0,0,0,0,0,0,0,0,0,0,0,0,0,0,0,0,0,0,0,0,0,0,0,0,0,0,0,0,0,0,0,0,0,0,0,0,0,0,0,0,0,0,0,0,0,0,0,0,0,0,0,0,0,0,0,0,0,0,0,0,0,0,0,0,0,0,0,0,0,0,0,0,0,0,0,0,0,0,0,0,0,0,0,0,0,0,0,0,0,0,0,0,0,0
448,Clothing and clothing accessories stores,0,0,0,0,0,0,0,0,0,0,0,0,0,0,0,0,0,0,0,0,0,0,0,0,0,0,0,0,0,0,0,0,0,0,0,0,0,0,0,0,0,0,0,0,0,0,0,0,0,0,0,0,0,0,0,0,0,0,0,0,0,0,0,0,0,0,0,0,0,0,0,0,0,0,0,0,0,0,0,0,0,0,0,0,0,0,0,0,0,0,0,0,0,0,0,0,0,0,0,0,0,0,0,0,0,0,0,0,0,0,0,0,0,0,0,0,0,0,0,0,0,0,0,0,0,0,0,0,0,0,0,0,0,0,0,0,0,0,0,0,0,0,0,0,0,0,0,0,0,0,0,0,0,0,0,0,0,0
454,Nonstore retailers,0,0,0,0,0,0,0,0,0,0,0,0,0,0,0,0,0,0,0,0,0,0,0,0,0,0,0,0,0,0,0,0,0,0,0,0,0,0,0,0,0,0,0,0,0,0,0,0,0,0,0,0,0,0,0,0,0,0,0,0,0,0,0,0,0,0,0,0,0,0,0,0,0,0,0,0,0,0,0,0,0,0,0,0,0,0,0,0,0,0,0,0,0,0,0,0,0,0,0,0,0,0,0,0,0,0,0,0,0,0,0,0,0,0,0,0,0,0,0,0,0,0,0,0,0,0,0,0,0,0,0,0,0,0,0,0,0,0,0,0,0,0,0,0,0,0,0,0,0,0,0,0,0,0,0,0,0,0
4A0X,All other retail,0,0,0,0,0,0,0,0,0,0,0,0,0,0,0,0,0,0,0,0,0,0,0,0,0,0,0,0,0,0,0,0,0,0,0,0,0,0,0,0,0,0,0,0,0,0,0,0,0,0,0,0,0,0,0,0,0,0,0,0,0,0,0,0,0,0,0,0,0,0,0,0,0,0,0,0,0,0,0,0,0,0,0,0,0,0,0,0,0,0,0,0,0,0,0,0,0,0,0,0,0,0,0,0,0,0,0,0,0,0,0,0,0,0,0,0,0,0,0,0,0,0,0,0,0,0,0,0,0,0,0,0,0,0,0,0,0,0,0,0,0,0,0,0,0,0,0,0,0,0,0,0,0,0,0,0,0,0
481,Air transportation,0,0,0,0,0,7,22,11,0,20,0,0,0,0,0,0,10,12,7,4,18,1,1,1,9,0,0,0,1,0,1,1,4,0,9,2,2,5,4,3,22,3,1,1,0,8,9,4,5,2,0,2,18,149,10,1,6,30,6,63,0,61,0,0,9,1,2,1,0,0,0,0,0,0,2,0,0,0,1,4,0,1,7,18,11,1,4,19,8,111,29,441,168,0,2,8,23,0,0,744,104,47,280,42,73,49,31,26,32,21,107,38,93,25,45,167,10,7,10,18,13,16,45,7,11,10,185,3,7,28,0,0,226,5,55,46,81,5,10977,0,0,0,0,0,0,0,0,0,0,0,0,0,0,0,0,0,0,0
482,Rail transportation,0,0,0,0,0,0,0,0,0,0,0,0,0,0,0,0,0,0,0,0,0,0,0,0,0,0,0,0,0,0,0,0,0,0,0,0,0,0,0,0,0,0,0,0,0,0,0,0,0,0,0,0,0,0,0,0,0,0,0,0,0,0,0,0,0,0,0,0,0,0,0,0,0,0,0,0,0,0,0,0,0,0,0,0,0,0,0,0,0,0,0,0,0,0,0,0,0,0,0,0,0,0,0,0,0,0,0,0,0,0,0,0,0,0,0,0,0,0,0,0,0,0,0,0,0,0,0,0,0,0,0,0,0,0,0,0,0,0,0,0,0,0,0,0,0,0,0,0,0,0,0,0,0,0,0,0,0,0
483,Water transportation,0,0,0,0,0,0,0,0,0,0,0,0,0,0,0,0,0,0,0,0,0,0,0,0,0,0,0,0,0,0,0,0,0,0,0,0,0,0,0,0,0,0,0,0,0,0,0,0,0,0,0,0,0,0,0,0,0,0,0,0,0,0,0,0,0,0,0,0,0,0,0,0,0,0,0,0,0,0,0,0,0,0,0,0,0,0,0,0,0,0,0,0,0,0,0,0,0,0,0,0,0,0,0,0,0,0,0,0,0,0,0,0,0,0,0,0,0,0,0,0,0,0,0,0,0,0,0,0,0,0,0,0,0,0,0,0,0,0,0,0,0,0,0,0,0,0,0,0,0,0,0,0,0,0,0,0,0,0
484,Truck transportation,0,0,0,0,0,0,0,0,0,0,0,0,0,0,0,0,0,0,0,0,0,0,0,0,0,0,0,0,0,0,0,0,0,0,0,0,0,0,0,0,0,0,0,0,0,0,0,0,0,0,0,0,0,0,0,0,0,0,0,0,0,0,0,0,0,0,0,0,0,0,0,0,0,0,0,0,0,0,0,0,0,0,0,0,0,0,0,0,0,0,0,0,0,0,0,0,0,0,0,0,0,0,0,0,0,0,0,0,0,0,0,0,0,0,0,0,0,0,0,0,0,0,0,0,0,0,0,0,0,0,0,0,0,0,0,0,0,0,0,0,0,0,0,0,0,0,0,0,0,0,0,0,0,0,0,0,0,0
485,Transit and ground passenger transportation,0,0,0,0,0,0,0,0,0,0,0,0,0,0,0,0,0,0,0,0,0,0,0,0,0,0,0,0,0,0,0,0,0,0,0,0,0,0,0,0,0,0,0,0,0,0,0,0,0,0,0,0,0,0,0,0,0,0,0,0,0,0,0,0,0,0,0,0,0,0,0,0,0,0,0,0,0,0,0,0,0,0,0,0,0,0,0,0,0,0,0,0,0,0,0,0,0,0,0,0,0,0,0,0,0,0,0,0,0,0,0,0,0,0,0,0,0,0,0,0,0,0,0,0,0,0,0,0,0,0,0,0,0,0,0,0,0,0,0,0,0,0,0,0,0,0,0,0,0,0,0,0,0,0,0,0,0,0
486,Pipeline transportation,0,0,0,0,0,0,0,0,0,0,0,0,0,0,0,0,0,0,0,0,0,0,0,0,0,0,0,0,0,0,0,0,0,0,0,0,0,0,0,0,0,0,0,0,0,0,0,0,0,0,0,0,0,0,0,0,0,0,0,0,0,0,0,0,0,0,0,0,0,0,0,0,0,0,0,0,0,0,0,0,0,0,0,0,0,0,0,0,0,0,0,0,0,0,0,0,0,0,0,0,0,0,0,0,0,0,0,0,0,0,0,0,0,0,0,0,0,0,0,0,0,0,0,0,0,0,0,0,0,0,0,0,0,0,0,0,0,0,0,0,0,0,0,0,0,0,0,0,0,0,0,0,0,0,0,0,0,0
48A,Scenic and sightseeing transportation and support activities,0,0,0,0,0,0,0,0,0,0,0,0,0,0,0,0,0,0,0,0,0,0,0,0,0,0,0,0,0,0,0,0,0,0,0,0,0,0,0,0,0,0,0,0,0,0,0,0,0,0,0,0,0,0,0,0,0,0,0,0,0,0,0,0,0,0,0,0,0,0,0,0,0,0,0,0,0,0,0,0,0,0,0,0,0,0,0,0,0,0,0,0,0,0,0,0,0,0,0,0,0,0,0,0,0,0,0,0,0,0,0,0,0,0,0,0,0,0,0,0,0,0,0,0,0,0,0,0,0,0,0,0,0,0,0,0,0,0,0,0,0,0,0,0,0,0,0,0,0,0,0,0,0,0,0,0,0,0
492,Couriers and messengers,0,0,0,0,0,0,0,0,0,0,0,0,0,0,0,0,0,0,0,0,0,0,0,0,0,0,0,0,0,0,0,0,0,0,0,0,0,0,0,0,0,0,0,0,0,0,0,0,0,0,0,0,0,0,0,0,0,0,0,0,0,0,0,0,0,0,0,0,0,0,0,0,0,0,0,0,0,0,0,0,0,0,0,0,0,0,0,0,0,0,0,0,0,0,0,0,0,0,0,0,0,0,0,0,0,0,0,0,0,0,0,0,0,0,0,0,0,0,0,0,0,0,0,0,0,0,0,0,0,0,0,0,0,0,0,0,0,0,0,0,0,0,0,0,0,0,0,0,0,0,0,0,0,0,0,0,0,0
493,Warehousing and storage,0,0,0,0,0,0,0,0,0,0,0,0,0,0,0,0,0,0,0,0,0,0,0,0,0,0,0,0,0,0,0,0,0,0,0,0,0,0,0,0,0,0,0,0,0,0,0,0,0,0,0,0,0,0,0,0,0,0,0,0,0,0,0,0,0,0,0,0,0,0,0,0,0,0,0,0,0,0,0,0,0,0,0,0,0,0,0,0,0,0,0,0,0,0,0,0,0,0,0,0,0,0,0,0,0,0,0,0,0,0,0,0,0,0,0,0,0,0,0,0,0,0,0,0,0,0,0,0,0,0,0,0,0,0,0,0,0,0,0,0,0,0,0,0,0,0,0,0,0,0,0,0,0,0,0,0,0,0
5111,"Newspaper, periodical, book, and directory publishers",0,0,0,0,0,0,0,0,0,0,0,0,0,0,0,0,0,0,0,0,0,0,0,0,0,0,0,0,0,0,0,0,0,0,0,0,0,0,0,0,0,0,0,0,0,0,0,0,0,0,0,0,0,0,0,0,0,0,0,0,0,0,0,0,0,0,0,0,0,0,0,0,0,0,0,0,0,0,0,3,0,0,0,0,0,0,0,0,0,0,0,0,0,0,0,0,0,0,0,1,3,1,0,0,0,0,1,0,0,1,0,0,1,0,1,1,0,0,3,0,0,0,2,0,0,0,0,0,0,0,0,0,4,0,9,0,1,0,121,0,0,0,0,-1,0,0,0,0,0,0,0,0,0,0,0,0,0,0
5112,Software publishers,0,0,0,0,0,0,0,1,0,1,0,1,1,0,1,0,0,0,0,0,0,0,0,0,0,0,0,0,0,0,0,0,0,0,0,1,0,0,0,0,0,0,0,0,0,0,0,0,0,0,0,0,0,1,2,3,2,3,0,1,0,1,0,0,2,0,1,0,0,0,0,1,0,0,0,0,0,0,0,0,0,0,1,1,0,0,0,1,0,6,4,2,4,1,0,1,0,0,0,3,0,3,4,0,1,1,2,1,2,1,3,2,4,0,2,1,0,0,0,0,7,0,1,0,0,0,1,0,0,1,0,0,3,0,7,5,8,1,-1,0,-1,0,0,0,0,0,0,0,0,0,0,0,0,0,0,0,0,0
512,Motion picture and sound recording industries,0,0,0,0,0,0,0,0,0,0,0,0,0,0,0,0,0,0,0,0,0,0,0,0,0,0,0,0,0,0,0,0,0,0,0,0,0,0,0,0,0,0,0,0,0,0,0,0,0,0,0,0,0,0,0,0,0,3,0,0,0,0,0,0,13,7,0,0,0,0,0,0,0,0,0,0,0,0,1,1,0,0,0,1,461,167,444,1,0,1,0,2,1,0,0,0,0,0,0,4,4,0,2,0,0,1,1,40,15,8,0,1,2,0,6,2,0,0,0,0,1,20,55,9,2,2,30,0,3,5,0,0,1,0,1,1,7,0,84,0,0,0,0,-5,0,0,0,0,0,0,0,0,0,0,0,0,0,0
515,Broadcasting (except Internet),0,0,0,0,0,0,0,0,0,0,0,0,0,0,0,0,0,0,0,0,0,0,0,0,0,0,0,0,0,0,0,0,0,0,0,0,0,0,0,0,0,0,0,0,0,0,0,0,0,0,0,0,0,0,0,0,0,0,0,0,0,0,0,0,0,0,0,0,0,0,0,0,0,0,0,0,0,0,0,0,0,0,0,0,0,0,0,0,0,0,0,0,0,0,0,0,0,0,0,0,0,0,0,0,0,0,0,0,0,0,0,0,0,0,0,0,0,0,0,0,0,0,0,0,0,0,0,0,0,0,0,0,0,0,0,0,0,0,0,0,0,0,0,0,0,0,0,0,0,0,0,0,0,0,0,0,0,0
5171,Wired telecommunications carriers,0,0,0,0,0,0,0,0,0,0,0,0,0,0,0,0,0,0,0,0,0,0,0,0,0,0,0,0,0,0,0,0,0,0,0,0,0,0,0,0,0,0,0,0,0,0,0,0,0,0,0,0,0,0,0,0,0,0,0,0,0,0,0,0,0,0,0,0,0,0,0,0,0,0,0,0,0,0,0,0,0,0,0,0,0,0,1,0,0,0,0,0,0,0,0,0,0,0,0,0,0,0,0,0,0,0,0,0,0,0,0,0,0,0,0,0,0,0,0,0,0,0,0,0,0,0,0,0,0,0,0,0,0,0,1,1,0,0,6,0,0,0,0,0,0,0,0,0,0,0,0,0,0,0,0,0,0,0
5172,Wireless telecommunications carriers (except satellites),0,0,0,0,0,0,0,0,0,0,0,0,0,0,0,0,0,0,0,0,0,0,0,0,0,0,0,0,0,0,0,0,0,0,0,0,0,0,0,0,0,0,0,0,0,0,0,0,0,0,0,0,0,0,0,0,0,0,0,0,0,0,0,0,0,0,0,0,0,0,0,0,0,0,0,0,0,0,0,0,0,0,0,0,0,0,0,0,0,0,0,0,0,0,0,0,0,0,0,0,0,0,0,0,0,0,0,0,0,0,0,0,0,0,0,0,0,0,0,0,0,0,0,0,0,0,0,0,0,0,0,0,0,0,0,0,0,0,0,0,0,0,0,0,0,0,0,0,0,0,0,0,0,0,0,0,0,0
5174OT,"Other telecommunications, including satellite",0,0,0,0,0,0,0,0,0,0,0,0,0,0,0,0,0,0,0,0,0,0,0,0,0,0,0,0,0,0,0,0,0,0,0,0,0,0,0,0,0,0,0,0,0,0,0,0,0,0,0,0,0,0,0,0,0,0,0,0,0,0,0,0,0,0,0,0,0,0,0,0,0,0,0,0,0,0,0,0,0,0,0,0,0,0,0,0,0,0,0,0,0,0,0,0,0,0,0,0,0,0,0,0,0,0,0,0,0,0,0,0,0,0,0,0,0,0,0,0,0,0,0,0,0,0,0,0,0,0,0,0,0,0,0,0,0,0,0,0,0,0,0,0,0,0,0,0,0,0,0,0,0,0,0,0,0,0
518,"Data processing, hosting, and related services",0,0,0,0,0,0,1,0,0,0,0,0,0,0,0,0,0,0,0,0,0,0,0,0,0,0,0,0,0,0,0,0,0,0,0,1,0,0,0,0,0,0,0,0,0,0,0,0,0,0,0,0,0,0,0,0,0,0,0,0,0,0,0,0,2,1,0,0,0,1,0,3,0,0,0,0,0,0,0,0,0,0,0,1,0,0,0,1,0,2,1,7,2,0,0,1,1,0,0,1,0,1,3,0,0,1,2,1,0,0,2,1,5,1,0,0,0,0,0,0,1,0,0,0,1,0,6,0,0,1,0,0,2,0,1,4,7,1,2,0,1,0,0,0,0,0,0,0,0,0,0,0,0,0,0,0,0,0
519,Other information services,0,0,0,0,0,0,0,0,0,0,0,0,0,0,0,0,0,0,0,0,0,0,0,0,0,0,0,0,0,0,0,0,0,0,0,0,0,0,0,0,0,0,0,0,0,0,0,0,0,0,0,0,0,0,0,0,0,0,0,0,0,0,0,0,1,0,1,0,0,0,0,1,0,0,0,0,0,0,0,0,0,0,0,0,0,0,0,1,0,1,11,0,0,0,1,0,1,0,0,0,2,2,1,1,1,4,1,1,7,1,1,1,12,0,12,2,0,0,0,0,2,0,1,1,1,1,7,0,7,0,0,0,0,0,1,0,1,2,78,0,0,0,0,0,0,0,0,0,0,0,0,0,0,0,0,0,0,0
521CI,"Federal Reserve banks, credit intermediation, and related activities",5,5,1,5,1,1,13,4,3,5,3,6,4,2,4,3,2,2,2,1,4,0,0,0,2,1,1,2,2,0,2,0,4,0,2,3,1,1,2,2,8,4,2,1,2,2,1,3,4,2,1,4,4,3,4,3,4,4,3,3,2,4,2,0,10,2,2,1,1,1,1,2,2,3,3,0,4,1,10,3,2,0,5,12,27,5,7,6,1,9,13,44,94,0,1,0,23,172,11,178,11,2,6,4,8,4,14,4,5,24,4,4,5,2,1,5,1,1,1,2,3,1,1,2,3,11,11,3,3,3,0,0,17,0,0,0,34,0,574,0,0,0,0,0,0,0,0,0,0,0,0,0,0,0,0,0,0,0
523,"Securities, commodity contracts, and investments",0,0,0,0,0,0,0,0,0,0,0,0,0,0,0,0,0,0,0,0,0,0,0,0,0,0,0,0,0,0,0,0,0,0,0,0,0,0,0,0,0,0,0,0,0,0,0,0,0,0,0,0,0,0,0,0,0,0,0,0,0,0,0,0,0,0,0,0,0,0,0,0,0,0,0,0,0,0,0,0,0,0,0,0,0,0,0,0,0,0,0,0,2,0,0,0,0,0,0,0,0,0,0,0,0,0,0,0,0,1,0,0,0,0,0,0,0,0,0,0,0,0,0,0,0,0,0,0,0,0,0,0,0,0,0,0,0,0,1,0,0,0,0,0,0,0,0,0,0,0,0,0,0,0,0,0,0,0
524113,Direct life insurance carriers,0,0,0,0,0,0,0,0,0,0,0,0,0,0,0,0,0,0,0,0,0,0,0,0,0,0,0,0,0,0,0,0,0,0,0,0,0,0,0,0,0,0,0,0,0,0,0,0,0,0,0,0,0,0,0,0,0,0,0,0,0,0,0,0,0,0,0,0,0,0,0,0,0,0,0,0,0,0,0,0,0,0,0,0,0,0,0,0,0,0,0,0,0,0,0,0,0,0,0,0,0,0,0,0,0,0,0,0,0,0,0,0,0,0,0,0,0,0,0,0,0,0,0,0,0,0,0,0,0,0,0,0,0,0,0,0,0,0,0,0,0,0,0,0,0,0,0,0,0,0,0,0,0,0,0,0,0,0
5241XX,"Insurance Carriers, except Direct Life Insurance",5,2,4,49,3,15,3,2,0,2,0,0,0,0,0,0,0,4,1,2,3,0,0,0,3,0,0,0,0,0,3,0,10,0,3,1,9,1,1,1,9,4,2,1,0,1,0,1,2,1,1,3,2,26,40,53,42,44,51,31,35,36,15,0,32,9,11,7,4,11,2,19,6,10,0,9,240,30,3,13,4,19,2,2,7,0,1,0,6,4,5,0,76,4979,31603,3,2,0,0,445,127,22,24,18,24,14,12,5,10,1,7,34,22,12,18,99,5,6,14,22,201,46,130,22,22,12,104,4,8,17,0,0,19,1,20,24,4,26,772,0,0,0,0,0,0,0,0,0,0,0,0,0,0,0,0,0,0,0
5242,"Agencies, brokerages, and other insurance related activities",0,0,0,0,0,0,0,0,0,0,0,0,0,0,0,0,0,0,0,0,0,0,0,0,0,0,0,0,0,0,0,0,0,0,0,0,0,0,0,0,0,0,0,0,0,0,0,0,0,0,0,0,0,0,0,0,0,0,0,0,0,0,0,0,0,0,0,0,0,0,0,0,0,0,0,0,0,0,0,0,0,0,0,0,0,0,0,0,0,0,0,0,0,0,0,0,0,0,0,0,0,0,0,0,0,0,0,0,0,0,0,0,0,0,0,0,0,0,0,0,0,0,0,0,0,0,0,0,0,0,0,0,0,0,0,0,0,0,0,0,0,0,0,0,0,0,0,0,0,0,0,0,0,0,0,0,0,0
525,"Funds, trusts, and other financial vehicles",0,0,0,0,0,0,0,0,0,0,0,0,0,0,0,0,0,0,0,0,0,0,0,0,0,0,0,0,0,0,0,0,0,0,0,0,0,0,0,0,0,0,0,0,0,0,0,0,0,0,0,0,0,0,0,0,0,0,0,0,0,0,0,0,0,0,0,0,0,0,0,0,0,0,0,0,0,0,0,0,0,0,0,0,0,0,0,0,0,0,0,0,0,0,0,0,0,0,0,0,0,0,0,0,0,0,0,0,0,0,0,0,0,0,0,0,0,0,0,0,0,0,0,0,0,0,0,0,0,0,0,0,0,0,0,0,0,0,0,0,0,0,0,0,0,0,0,0,0,0,0,0,0,0,0,0,0,0
HSO,Owner-occupied housing,0,0,0,0,0,0,0,0,0,0,0,0,0,0,0,0,0,0,0,0,0,0,0,0,0,0,0,0,0,0,0,0,0,0,0,0,0,0,0,0,0,0,0,0,0,0,0,0,0,0,0,0,0,0,0,0,0,0,0,0,0,0,0,0,0,0,0,0,0,0,0,0,0,0,0,0,0,0,0,0,0,0,0,0,0,0,0,0,0,0,0,0,0,0,0,0,0,0,0,0,0,0,0,0,0,0,0,0,0,0,0,0,0,0,0,0,0,0,0,0,0,0,0,0,0,0,0,0,0,0,0,0,0,0,0,0,0,0,0,0,0,0,0,0,0,0,0,0,0,0,0,0,0,0,0,0,0,0
HST,Tenant-occupied housing,0,0,0,0,0,0,0,0,0,0,0,0,0,0,0,0,0,0,0,0,0,0,0,0,0,0,0,0,0,0,0,0,0,0,0,0,0,0,0,0,0,0,0,0,0,0,0,0,0,0,0,0,0,0,0,0,0,0,0,0,0,0,0,0,0,0,0,0,0,0,0,0,0,0,0,0,0,0,0,0,0,0,0,0,0,0,0,0,0,0,0,0,0,0,0,0,0,0,0,0,0,0,0,0,0,0,0,0,0,0,0,0,0,0,0,0,0,0,0,0,0,0,0,0,0,0,0,0,0,0,0,0,0,0,0,0,0,0,0,0,0,0,0,0,0,0,0,0,0,0,0,0,0,0,0,0,0,0
ORE,Other real estate,0,0,0,0,0,0,0,0,0,0,0,0,0,0,0,0,0,0,0,0,0,0,0,0,0,0,0,0,0,0,0,0,0,0,0,0,0,0,0,0,0,0,0,0,0,0,0,0,0,0,0,0,0,0,0,0,0,0,0,0,0,0,0,0,0,0,0,0,0,0,0,0,0,0,0,0,0,0,0,0,0,0,0,0,0,0,0,0,0,0,0,0,0,0,0,0,0,0,0,0,0,0,0,0,0,0,0,0,0,0,0,0,0,0,0,0,0,0,0,0,0,0,0,0,0,0,0,0,0,0,0,0,0,0,0,0,0,0,0,0,0,0,0,0,0,0,0,0,0,0,0,0,0,0,0,0,0,0
532RL,Rental and leasing services and lessors of intangible assets,0,0,0,0,0,0,0,0,0,0,0,0,0,0,0,0,0,0,0,0,0,0,0,0,0,0,0,0,0,0,0,0,0,0,0,0,0,0,0,0,0,0,0,0,0,0,0,0,0,0,0,0,0,0,0,0,0,0,0,0,0,0,0,0,0,0,0,0,0,0,0,0,0,0,0,0,0,0,0,0,0,0,0,0,0,0,0,0,0,0,0,0,0,0,0,0,0,0,0,0,0,0,0,0,0,0,0,0,0,0,0,0,0,0,0,0,0,0,0,0,0,0,0,0,0,0,0,0,0,0,0,0,0,0,0,0,0,0,0,0,0,0,0,0,0,0,0,0,0,0,0,0,0,0,0,0,0,0
5411,Legal services,0,0,0,1,0,0,4,1,0,2,1,2,2,0,1,1,1,0,0,0,2,0,0,0,1,0,0,0,0,0,0,0,1,0,0,0,0,0,1,1,1,0,0,0,0,1,0,0,0,0,0,0,1,1,2,4,2,3,2,1,1,3,0,0,1,1,1,0,1,0,0,4,1,0,0,0,0,0,0,0,0,0,1,3,1,1,1,1,0,2,4,6,16,3,8,3,3,2,0,13,2,2,4,1,2,2,30,1,2,11,3,3,3,1,1,2,0,1,0,2,22,2,1,3,4,1,4,2,2,4,0,0,0,0,4,5,12,1,126,0,0,8,0,0,0,0,0,0,0,0,0,0,0,0,0,0,0,0
5415,Computer systems design and related services,1,0,0,15,1,0,4,4,2,5,2,6,5,1,4,3,1,1,1,0,4,0,0,0,4,0,0,0,1,0,0,0,0,0,1,8,1,1,1,1,3,0,1,0,0,1,1,1,0,0,0,0,1,4,12,21,13,19,2,6,2,10,1,0,20,3,7,3,3,3,2,12,3,1,3,0,3,2,0,1,0,1,12,13,2,1,3,8,2,42,31,30,34,9,8,10,4,3,0,19,3,18,51,4,6,12,18,6,6,7,16,11,37,2,15,11,1,1,2,2,25,4,9,2,6,4,22,3,5,7,0,17,44,1,29,30,57,15,0,217,512,0,0,0,0,0,0,2,23,0,0,0,69,0,0,1,14,0
5412,"Accounting, tax preparation, bookkeeping, and payroll services",2,2,0,2,1,0,4,6,1,4,2,4,4,1,2,2,2,2,1,1,4,0,0,0,2,0,0,0,0,0,1,0,1,0,1,2,0,2,1,1,4,2,0,1,0,2,1,2,1,0,0,1,3,2,6,14,12,13,3,7,2,10,1,0,13,6,3,3,3,3,2,7,4,0,1,1,6,2,0,2,0,1,2,4,2,3,3,8,1,3,8,14,31,7,19,15,7,1,0,20,8,7,11,14,6,10,8,2,10,21,28,12,22,3,3,9,2,2,2,4,40,8,9,8,9,2,20,8,12,9,0,0,0,1,11,16,18,10,69,0,0,0,0,0,0,0,0,0,0,0,0,0,0,0,0,0,0,0
5413,"Architectural, engineering, and related services",0,0,0,13,4,2,2,6,7,30,20,41,18,13,33,14,3,1,3,0,1,0,0,0,1,0,0,0,0,0,1,0,2,0,2,1,1,0,0,0,5,1,0,0,0,3,1,0,2,1,0,0,1,0,1,1,6,2,30,2,0,3,0,0,1,0,0,0,0,0,0,1,0,0,4,0,1,0,0,1,0,0,0,1,1,0,4,37,2,2,0,0,8,0,0,2,5,6,0,113,1,0,42,1,43,9,73,0,0,11,0,11,13,2,1,4,0,0,0,1,4,0,1,0,5,0,6,0,1,1,0,268,26,3,15,12,95,57,0,195,0,3,0,0,0,0,0,0,0,0,0,0,0,0,0,0,0,0
5416,"Management, scientific, and technical consulting services",0,0,0,3,0,1,2,5,4,6,3,10,4,1,4,2,2,1,0,1,2,0,0,0,3,0,0,0,0,0,2,0,6,0,2,0,1,2,2,1,11,2,4,0,0,2,1,6,4,1,1,2,3,25,47,76,95,68,32,19,4,71,1,0,31,16,6,6,14,7,9,111,7,0,0,4,11,14,0,9,1,8,17,56,15,8,10,16,5,109,98,277,410,0,3,115,8,0,0,29,36,20,87,13,135,75,573,10,41,170,11,32,58,13,19,98,4,7,19,25,209,57,41,53,27,22,59,16,34,141,0,0,178,0,73,28,85,13,0,0,0,0,0,0,0,0,0,0,0,0,0,0,0,0,0,0,0,0
5417,Scientific research and development services,0,0,0,0,0,0,0,0,0,0,0,0,0,0,0,0,0,0,0,0,0,0,0,0,0,0,0,0,0,0,0,0,0,0,0,0,0,0,0,0,0,0,0,0,0,0,0,0,0,0,0,0,0,0,0,0,0,0,0,0,0,0,0,0,0,0,0,0,0,0,0,0,0,0,0,0,0,0,0,0,0,0,0,0,0,0,0,0,0,0,0,0,0,0,0,0,0,0,0,0,0,0,0,0,0,0,0,0,0,0,0,0,0,0,0,0,0,0,0,0,0,0,0,0,0,0,0,0,0,0,0,0,0,0,0,0,0,0,0,0,3977,0,0,0,0,0,0,0,252,0,0,0,194,0,0,0,1,0
5418,"Advertising, public relations, and related services",0,0,0,0,0,0,2,0,2,4,1,3,1,0,2,1,1,2,1,2,5,0,0,0,3,0,0,0,1,0,2,0,2,0,2,1,0,2,2,3,12,4,0,1,0,2,1,1,1,0,1,1,4,21,12,22,8,24,25,7,3,25,3,0,56,13,6,8,7,3,10,93,18,1,0,3,2,1,0,1,0,2,3,29,3,13,7,15,3,21,73,39,12,6,16,9,0,0,0,34,28,13,24,2,3,13,35,7,9,39,12,16,45,2,16,4,2,2,2,2,8,2,3,8,12,10,48,4,22,9,0,1,10,1,8,32,12,4,7,0,0,0,0,0,0,0,0,0,0,0,0,0,0,0,0,0,0,0
541X,"Specialized design services and other professional, scientific, and technical services",0,0,0,0,0,0,2,2,2,1,0,10,1,1,7,1,0,0,0,0,0,0,0,0,0,0,0,0,0,0,0,0,0,0,0,0,0,1,0,0,1,0,0,0,0,0,0,0,0,0,0,0,0,4,1,3,4,8,0,9,0,13,0,0,2,2,1,7,6,8,0,20,1,0,1,0,0,0,0,0,0,1,5,1,1,1,1,3,2,0,2,2,1,0,0,0,0,0,0,12,3,2,5,9,2,9,24,50,4,43,1,2,8,1,1,5,0,0,2,1,54,3,1,4,1,0,0,0,0,9,0,0,0,2,8,3,19,5,1,0,0,0,0,0,0,0,0,0,0,0,0,0,0,0,0,0,0,0
55,Management of companies and enterprises,0,0,0,0,0,0,0,0,0,0,0,0,0,0,0,0,0,0,0,0,0,0,0,0,0,0,0,0,0,0,0,0,0,0,0,0,0,0,0,0,0,0,0,0,0,0,0,0,0,0,0,0,0,0,0,0,0,0,0,0,0,0,0,0,0,0,0,0,0,0,0,0,0,0,0,0,0,0,0,0,0,0,0,0,0,0,0,0,0,0,0,0,0,0,0,0,0,0,0,0,0,0,0,0,0,0,0,0,0,0,0,0,0,0,0,0,0,0,0,0,0,0,0,0,0,0,0,0,0,0,0,0,0,0,0,0,0,0,0,0,0,0,0,0,0,0,0,0,0,0,0,0,0,0,0,0,0,0
5613,Employment services,0,0,0,0,0,0,3,1,0,0,0,1,1,0,1,0,0,0,1,1,2,0,0,0,0,0,0,0,0,0,0,0,0,0,0,1,1,0,0,0,0,0,0,0,0,0,1,0,0,0,0,0,0,1,1,2,2,3,1,1,0,2,0,0,2,0,0,1,1,0,0,4,1,0,0,0,4,4,1,2,1,2,1,9,1,1,14,4,0,4,13,8,8,1,0,3,0,0,0,7,4,2,17,1,5,5,8,1,4,5,24,6,10,2,2,6,0,0,2,2,25,5,2,1,1,1,5,4,3,1,0,2,0,0,1,1,4,1,1,0,0,0,0,0,0,0,0,0,0,0,0,0,0,0,0,0,0,0
5617,Services to buildings and dwellings,0,0,0,0,0,0,0,0,0,0,0,0,0,0,0,0,0,0,0,0,0,0,0,0,0,0,0,0,0,0,0,0,0,0,0,0,0,0,0,0,0,0,0,0,0,0,0,0,0,0,0,0,0,0,0,0,0,0,0,0,0,0,0,0,0,0,0,0,0,0,0,0,0,0,0,0,0,0,0,0,0,0,0,0,0,0,0,0,0,0,0,0,0,0,0,0,0,0,0,0,0,0,0,0,0,0,0,0,0,0,0,0,0,0,0,0,0,0,0,0,0,0,0,0,0,0,0,0,0,0,0,0,0,0,0,0,0,0,0,0,0,0,0,0,0,0,0,0,0,0,0,0,0,0,0,0,0,0
561X,Other administrative and support services,0,0,0,0,0,0,0,0,0,0,0,0,0,0,0,0,0,0,0,0,1,0,0,0,0,0,0,0,0,0,0,0,0,0,0,1,0,0,0,0,0,0,0,0,0,0,0,0,0,0,0,0,0,0,1,1,1,1,1,1,2,2,0,0,0,0,1,0,0,0,0,1,0,1,0,0,0,0,0,1,0,0,0,0,0,0,0,0,0,0,0,0,0,0,3,0,0,0,0,4,4,0,1,0,0,0,0,0,0,0,0,0,0,0,0,2,0,0,0,0,1,0,0,0,0,0,1,0,0,0,0,0,0,0,0,1,2,1,21,0,0,0,0,0,0,0,0,0,0,0,0,0,0,0,0,0,0,0
562,Waste management and remediation services,0,0,0,1,0,0,0,0,0,0,0,0,0,0,0,0,0,0,0,0,0,0,0,0,0,0,0,0,0,0,0,0,0,0,0,0,0,0,0,0,0,0,0,0,0,0,0,0,0,0,0,0,0,0,0,0,0,0,0,0,0,0,0,0,0,0,0,0,0,0,0,0,0,0,0,0,0,0,0,0,0,0,0,0,0,0,0,0,0,0,0,0,0,0,0,0,0,0,0,6,1,0,0,0,0,0,0,0,0,0,0,0,0,7,0,1,0,0,0,0,1,0,0,0,0,0,1,0,0,0,0,0,0,0,2,0,13,1,0,0,0,0,0,0,0,0,0,0,0,0,0,0,0,0,0,0,0,0
61,Educational services,0,0,0,0,0,0,0,0,0,0,0,0,0,0,0,0,0,0,0,0,0,0,0,0,0,0,0,0,0,0,0,0,0,0,0,0,0,0,0,0,0,0,0,0,0,0,0,0,0,0,0,0,0,0,0,0,0,0,0,0,0,0,0,0,0,0,0,0,0,0,0,0,0,0,0,0,0,0,0,0,0,0,0,0,0,0,0,0,0,0,0,0,0,0,0,0,0,0,0,0,0,0,0,0,0,0,0,0,0,0,0,0,0,0,1,0,0,0,0,0,0,0,0,0,0,0,0,0,0,0,0,0,0,0,67,15,14,0,334,0,0,0,0,0,0,0,0,0,0,0,0,0,0,0,0,0,0,0
6211,Offices of physicians,0,0,0,0,0,0,0,0,0,0,0,0,0,0,0,0,0,0,0,0,0,0,0,0,0,0,0,0,0,0,0,0,0,0,0,0,0,0,0,0,0,0,0,0,0,0,0,0,0,0,0,0,0,0,0,0,0,0,0,0,0,0,0,0,0,0,0,0,0,0,0,0,0,0,0,0,0,0,0,0,0,0,0,0,0,0,0,0,0,0,0,0,0,0,0,0,0,0,0,0,0,0,0,0,0,0,0,0,0,0,0,0,0,0,0,0,0,0,0,0,0,0,0,0,0,0,0,0,0,0,0,0,0,0,0,0,0,0,5,0,0,0,0,0,0,0,0,0,0,0,0,0,0,0,0,0,0,0
6212,Offices of dentists,0,0,0,0,0,0,0,0,0,0,0,0,0,0,0,0,0,0,0,0,0,0,0,0,0,0,0,0,0,0,0,0,0,0,0,0,0,0,0,0,0,0,0,0,0,0,0,0,0,0,0,0,0,0,0,0,0,0,0,0,0,0,0,0,0,0,0,0,0,0,0,0,0,0,0,0,0,0,0,0,0,0,0,0,0,0,0,0,0,0,0,0,0,0,0,0,0,0,0,0,0,0,0,0,0,0,0,0,0,0,0,0,0,0,0,0,0,0,0,0,0,0,0,0,0,0,0,0,0,0,0,0,0,0,0,0,0,0,5,0,0,0,0,0,0,0,0,0,0,0,0,0,0,0,0,0,0,0
6213,Offices of other health practitioners,0,0,0,0,0,0,0,0,0,0,0,0,0,0,0,0,0,0,0,0,0,0,0,0,0,0,0,0,0,0,0,0,0,0,0,0,0,0,0,0,0,0,0,0,0,0,0,0,0,0,0,0,0,0,0,0,0,0,0,0,0,0,0,0,0,0,0,0,0,0,0,0,0,0,0,0,0,0,0,0,0,0,0,0,0,0,0,0,0,0,0,0,0,0,0,0,0,0,0,0,0,0,0,0,0,0,0,0,0,0,0,0,0,0,0,0,0,0,0,0,0,0,0,0,0,0,0,0,0,0,0,0,0,0,0,0,0,0,5,0,0,0,0,0,0,0,0,0,0,0,0,0,0,0,0,0,0,0
6214,Outpatient care centers,0,0,0,0,0,0,0,0,0,0,0,0,0,0,0,0,0,0,0,0,0,0,0,0,0,0,0,0,0,0,0,0,0,0,0,0,0,0,0,0,0,0,0,0,0,0,0,0,0,0,0,0,0,0,0,0,0,0,0,0,0,0,0,0,0,0,0,0,0,0,0,0,0,0,0,0,0,0,0,0,0,0,0,0,0,0,0,0,0,0,0,0,0,0,0,0,0,0,0,0,0,0,0,0,0,0,0,0,0,0,0,0,0,0,0,0,0,0,0,0,0,0,0,0,0,0,0,0,0,0,0,0,0,0,0,0,0,0,5,0,0,0,0,0,0,0,0,0,0,0,0,0,0,0,0,0,0,0
6215OH,Other ambulatory health care services,0,0,0,0,0,0,0,0,0,0,0,0,0,0,0,0,0,0,0,0,0,0,0,0,0,0,0,0,0,0,0,0,0,0,0,0,0,0,0,0,0,0,0,0,0,0,0,0,0,0,0,0,0,0,0,0,0,0,0,0,0,0,0,0,0,0,0,0,0,0,0,0,0,0,0,0,0,0,0,0,0,0,0,0,0,0,0,0,0,0,0,0,0,0,0,0,0,0,0,0,0,0,0,0,0,0,0,0,0,0,0,0,0,0,0,0,0,0,0,0,0,0,0,0,0,0,0,0,0,0,0,0,0,0,0,0,0,0,16,0,0,0,0,0,0,0,0,0,0,0,0,0,0,0,0,0,0,0
622,Hospitals,0,0,0,0,0,0,0,0,0,0,0,0,0,0,0,0,0,0,0,0,0,0,0,0,0,0,0,0,0,0,0,0,0,0,0,0,0,0,0,0,0,0,0,0,0,0,0,0,0,0,0,0,0,0,0,0,0,0,0,0,0,0,0,0,0,0,0,0,0,0,0,0,0,0,0,0,0,0,0,0,0,0,0,0,0,0,0,0,0,0,0,0,0,0,0,0,0,0,0,0,0,0,0,0,0,0,0,0,0,0,0,0,0,0,0,0,0,0,0,0,0,0,0,0,0,0,0,0,0,0,0,0,0,0,0,0,0,0,815,0,0,0,0,0,0,0,0,0,0,0,0,0,0,0,0,0,0,0
623,Nursing and residential care facilities,0,0,0,0,0,0,0,0,0,0,0,0,0,0,0,0,0,0,0,0,0,0,0,0,0,0,0,0,0,0,0,0,0,0,0,0,0,0,0,0,0,0,0,0,0,0,0,0,0,0,0,0,0,0,0,0,0,0,0,0,0,0,0,0,0,0,0,0,0,0,0,0,0,0,0,0,0,0,0,0,0,0,0,0,0,0,0,0,0,0,0,0,0,0,0,0,0,0,0,0,0,0,0,0,0,0,0,0,0,0,0,0,0,0,0,0,0,0,0,0,0,0,0,0,0,0,0,0,0,0,0,0,0,0,0,0,0,0,11,0,0,0,0,0,0,0,0,0,0,0,0,0,0,0,0,0,0,0
624,Social assistance,0,0,0,0,0,0,0,0,0,0,0,0,0,0,0,0,0,0,0,0,0,0,0,0,0,0,0,0,0,0,0,0,0,0,0,0,0,0,0,0,0,0,0,0,0,0,0,0,0,0,0,0,0,0,0,0,0,0,0,0,0,0,0,0,0,0,0,0,0,0,0,0,0,0,0,0,0,0,0,0,0,0,0,0,0,0,0,0,0,0,0,0,0,0,0,0,0,0,0,0,0,0,0,0,0,0,0,0,0,0,0,0,0,0,0,0,0,0,0,0,0,0,0,0,0,0,0,0,0,0,0,0,0,0,0,0,0,0,0,0,0,0,0,0,0,0,0,0,0,0,0,0,0,0,0,0,0,0
711AS,"Performing arts, spectator sports, museums, and related activities",0,0,0,0,0,0,0,0,0,1,0,1,0,0,1,0,0,0,0,0,0,0,0,0,0,0,0,0,0,0,0,0,0,0,0,0,0,0,0,0,0,0,0,0,0,0,0,0,0,0,0,0,0,3,1,2,1,2,0,4,0,3,0,0,0,0,0,1,0,1,0,2,0,0,0,0,0,0,0,0,0,0,0,1,25,1,1,1,0,4,1,13,5,0,1,0,1,0,0,28,3,2,9,2,3,2,1,1,1,1,4,2,5,1,3,6,0,0,0,1,1,1,1,79,0,0,8,0,0,1,0,0,0,0,4,2,0,0,422,0,0,0,0,0,0,0,0,0,0,0,0,0,0,0,0,0,0,0
713,"Amusements, gambling, and recreation industries",0,0,0,0,0,0,0,0,0,0,0,0,0,0,0,0,0,0,0,0,0,0,0,0,0,0,0,0,0,0,0,0,0,0,0,0,0,0,0,0,0,0,0,0,0,0,0,0,0,0,0,0,0,0,0,0,0,0,0,0,0,0,0,0,0,0,0,0,0,0,0,0,0,0,0,0,0,0,0,0,0,0,0,0,0,0,0,0,0,0,0,0,0,0,0,0,0,0,0,0,0,0,0,0,0,0,0,0,0,0,0,0,0,0,0,0,0,0,0,0,0,0,0,0,0,0,0,0,0,0,0,0,0,0,0,0,0,0,0,0,0,0,0,0,0,0,0,0,0,0,0,0,0,0,0,0,0,0
721,Accommodation,0,0,0,0,0,0,0,0,0,0,0,0,0,0,0,0,0,0,0,0,0,0,0,0,0,0,0,0,0,0,0,0,0,0,0,0,0,0,0,0,0,0,0,0,0,0,0,0,0,0,0,0,0,0,0,0,0,0,0,0,0,0,0,0,0,0,0,0,0,0,0,0,0,0,0,0,0,0,0,0,0,0,0,0,0,0,0,0,0,0,0,0,0,0,0,0,0,0,0,0,0,0,0,0,0,0,0,0,0,0,0,0,0,0,0,0,0,0,0,0,0,0,0,0,0,0,0,0,0,0,0,0,0,0,0,0,0,0,0,0,0,0,0,0,0,0,0,0,0,0,0,0,0,0,0,0,0,0
722,Food services and drinking places,0,0,0,0,0,0,0,0,0,0,0,0,0,0,0,0,0,0,0,0,0,0,0,0,0,0,0,0,0,0,0,0,0,0,0,0,0,0,0,0,0,0,0,0,0,0,0,0,0,0,0,0,0,0,0,0,0,0,0,0,0,0,0,0,0,0,0,0,0,0,0,0,0,0,0,0,0,0,0,0,0,0,0,0,0,0,0,0,0,0,0,0,0,0,0,0,0,0,0,0,0,0,0,0,0,0,0,0,0,0,0,0,0,0,0,0,0,0,0,0,0,0,0,0,0,0,0,0,0,0,0,0,0,0,0,0,0,0,0,0,0,0,0,0,0,0,0,0,0,0,0,0,0,0,0,0,0,0
811,Repair and maintenance,0,0,0,1,0,0,0,3,9,2,1,2,2,1,1,2,0,0,0,0,0,0,0,0,0,0,0,0,0,0,0,0,0,0,0,0,0,0,0,0,0,0,0,0,0,0,0,0,0,0,0,0,0,2,0,2,3,6,1,4,2,6,1,0,3,4,4,2,1,3,0,2,1,0,0,0,10,0,0,5,0,1,0,2,0,0,2,4,0,3,1,1,6,0,5,0,0,0,0,1,13,3,8,0,3,4,1,1,1,12,1,30,40,15,8,2,0,0,1,2,17,1,1,1,3,2,17,3,3,1,0,0,0,1,9,7,29,39,71,0,0,0,0,0,0,0,0,0,0,0,0,0,0,0,0,0,0,0
812,Personal and laundry services,0,0,0,0,0,0,0,0,0,0,0,0,0,0,0,0,0,0,0,0,0,0,0,0,0,0,0,0,0,0,0,0,0,0,0,0,0,0,0,0,0,0,0,0,0,0,0,0,0,0,0,0,0,0,0,0,0,0,0,0,0,0,0,0,0,0,0,0,0,0,0,0,0,0,0,0,0,0,0,0,0,0,0,0,0,0,0,0,0,0,0,0,0,0,0,0,0,0,0,0,0,0,0,0,0,0,0,0,0,0,0,0,0,0,0,0,0,0,0,0,0,0,0,0,0,0,0,0,0,0,0,0,0,0,0,0,0,0,0,0,0,0,0,0,0,0,0,0,0,0,0,0,0,0,0,0,0,0
813,"Religious, grantmaking, civic, professional, and similar organizations",0,0,0,0,0,0,0,0,0,0,0,0,0,0,0,0,0,0,0,0,0,0,0,0,0,0,0,0,0,0,0,0,0,0,0,0,0,0,0,0,0,0,0,0,0,0,0,0,0,0,0,0,0,0,0,0,0,0,0,0,0,0,0,0,0,0,0,0,0,0,0,0,0,0,0,0,0,0,0,0,0,0,0,0,0,0,0,0,0,0,0,0,0,0,0,0,0,0,0,0,0,0,0,0,0,0,0,0,0,0,0,0,0,0,0,0,0,0,0,0,0,0,0,0,0,0,0,0,0,0,0,0,0,0,0,0,0,0,0,0,0,0,0,0,0,0,0,0,0,0,0,0,0,0,0,0,0,0
814,Private households,0,0,0,0,0,0,0,0,0,0,0,0,0,0,0,0,0,0,0,0,0,0,0,0,0,0,0,0,0,0,0,0,0,0,0,0,0,0,0,0,0,0,0,0,0,0,0,0,0,0,0,0,0,0,0,0,0,0,0,0,0,0,0,0,0,0,0,0,0,0,0,0,0,0,0,0,0,0,0,0,0,0,0,0,0,0,0,0,0,0,0,0,0,0,0,0,0,0,0,0,0,0,0,0,0,0,0,0,0,0,0,0,0,0,0,0,0,0,0,0,0,0,0,0,0,0,0,0,0,0,0,0,0,0,0,0,0,0,0,0,0,0,0,0,0,0,0,0,0,0,0,0,0,0,0,0,0,0
GFGD,Federal general government (defense),0,0,0,0,0,0,0,0,0,0,0,0,0,0,0,0,0,0,0,0,0,0,0,0,0,0,0,0,0,0,0,0,0,0,0,0,0,0,0,0,0,0,0,0,0,0,0,0,0,0,0,0,0,0,0,0,0,0,0,0,0,0,0,0,0,0,0,0,0,0,0,0,0,0,0,0,0,0,0,0,0,0,0,0,0,0,0,0,0,0,0,0,0,0,0,0,0,0,0,0,0,0,0,0,0,0,0,0,0,0,0,0,0,0,0,0,0,0,0,0,0,0,0,0,0,0,0,0,0,0,0,0,0,0,0,0,0,0,0,0,0,0,0,0,0,0,0,0,0,0,0,0,0,0,0,0,0,0
GFGN,Federal general government (nondefense),0,0,0,0,0,0,0,0,0,0,0,0,0,0,0,0,0,0,0,0,0,0,0,0,0,0,0,0,0,0,0,0,0,0,0,0,0,0,0,0,0,0,0,0,0,0,0,0,0,0,0,0,0,0,0,0,0,0,0,0,0,0,0,0,0,0,0,0,0,0,0,0,0,0,0,0,0,0,0,0,0,0,0,0,0,0,0,0,0,0,0,0,0,0,0,0,0,0,0,0,0,0,0,0,0,0,0,0,0,0,0,0,0,0,0,0,0,0,0,0,0,0,0,0,0,0,0,0,0,0,0,0,0,0,0,0,0,0,0,0,0,0,0,0,0,0,0,0,0,0,0,0,0,0,0,0,0,0
GFE,Federal government enterprises,0,0,0,0,0,0,0,0,0,0,0,0,0,0,0,0,0,0,0,0,0,0,0,0,0,0,0,0,0,0,0,0,0,0,0,0,0,0,0,0,0,0,0,0,0,0,0,0,0,0,0,0,0,0,0,0,0,0,0,0,0,0,0,0,0,0,0,0,0,0,0,0,0,0,0,0,0,0,0,0,0,0,0,0,0,0,0,0,0,0,0,0,0,0,0,0,0,0,0,0,0,0,0,0,0,0,0,0,0,0,0,0,0,0,0,0,0,0,0,0,0,0,0,0,0,0,0,0,0,0,0,0,0,0,0,0,0,0,0,0,0,0,0,0,0,0,0,0,0,0,0,0,0,0,0,0,0,0
GSLGE,State and local government educational services,0,0,0,0,0,0,0,0,0,0,0,0,0,0,0,0,0,0,0,0,0,0,0,0,0,0,0,0,0,0,0,0,0,0,0,0,0,0,0,0,0,0,0,0,0,0,0,0,0,0,0,0,0,0,0,0,0,0,0,0,0,0,0,0,0,0,0,0,0,0,0,0,0,0,0,0,0,0,0,0,0,0,0,0,0,0,0,0,0,0,0,0,0,0,0,0,0,0,0,0,0,0,0,0,0,0,0,0,0,0,0,0,0,0,0,0,0,0,0,0,0,0,0,0,0,0,0,0,0,0,0,0,0,0,0,0,0,0,0,0,0,0,0,0,0,0,0,0,0,0,0,0,0,0,0,0,0,0
GSLGH,State and local government hospitals and health services,0,0,0,0,0,0,0,0,0,0,0,0,0,0,0,0,0,0,0,0,0,0,0,0,0,0,0,0,0,0,0,0,0,0,0,0,0,0,0,0,0,0,0,0,0,0,0,0,0,0,0,0,0,0,0,0,0,0,0,0,0,0,0,0,0,0,0,0,0,0,0,0,0,0,0,0,0,0,0,0,0,0,0,0,0,0,0,0,0,0,0,0,0,0,0,0,0,0,0,0,0,0,0,0,0,0,0,0,0,0,0,0,0,0,0,0,0,0,0,0,0,0,0,0,0,0,0,0,0,0,0,0,0,0,0,0,0,0,0,0,0,0,0,0,0,0,0,0,0,0,0,0,0,0,0,0,0,0
GSLGO,State and local government other services,0,0,0,0,0,0,0,0,0,0,0,0,0,0,0,0,0,0,0,0,0,0,0,0,0,0,0,0,0,0,0,0,0,0,0,0,0,0,0,0,0,0,0,0,0,0,0,0,0,0,0,0,0,0,0,0,0,0,0,0,0,0,0,0,0,0,0,0,0,0,0,0,0,0,0,0,0,0,0,0,0,0,0,0,0,0,0,0,0,0,0,0,0,0,0,0,0,0,0,0,0,0,0,0,0,0,0,0,0,0,0,0,0,0,0,0,0,0,0,0,0,0,0,0,0,0,0,0,0,0,0,0,0,0,0,0,0,0,0,0,0,0,0,0,0,0,0,0,0,0,0,0,0,0,0,0,0,0
GSLE,State and local government enterprises,0,0,0,0,0,0,0,0,0,0,0,0,0,0,0,0,0,0,0,0,0,0,0,0,0,0,0,0,0,0,0,0,0,0,0,0,0,0,0,0,0,0,0,0,0,0,0,0,0,0,0,0,0,0,0,0,0,0,0,0,0,0,0,0,0,0,0,0,0,0,0,0,0,0,0,0,0,0,0,0,0,0,0,0,0,0,0,0,0,0,0,0,0,0,0,0,0,0,0,0,0,0,0,0,0,0,0,0,0,0,0,0,0,0,0,0,0,0,0,0,0,0,0,0,0,0,0,0,0,0,0,0,0,0,0,0,0,0,0,0,0,0,0,0,0,0,0,0,0,0,0,0,0,0,0,0,0,0
Used,"Scrap, used and secondhand goods",0,0,0,0,0,0,0,0,0,0,0,0,0,0,5,0,0,0,10,1,0,0,0,0,0,0,0,0,0,0,0,0,0,0,0,0,0,0,0,0,0,0,0,0,0,0,0,0,0,0,0,0,0,0,0,0,0,0,0,0,0,0,0,0,1,0,0,0,0,0,0,0,0,0,0,0,0,0,0,-2,0,0,0,0,0,0,0,0,0,0,0,0,0,0,0,0,0,0,0,0,0,0,0,0,0,0,0,0,0,1,0,0,0,0,-2,0,0,0,0,0,0,0,0,0,1,0,0,10,0,0,0,1,0,0,0,0,0,0,1232,15,0,0,0,-3,0,0,0,0,0,0,0,0,0,0,0,0,0,0
Other,Noncomparable imports and rest-of-the-world adjustment,40,32,2,114,3,13,91,15,5,0,15,71,16,23,44,24,27,26,48,31,58,11,13,12,69,1,256,10,24,1,32,25,143,7,50,50,4,9,20,13,182,30,43,6,2,55,24,377,100,19,32,39,68,57,58,107,113,104,36,74,120,74,18,0,11,46,88,0,16,15,22,250,14,5008,25,637,109,2,30,58,11,10,14,60,39,21,549,1068,135,52,44,389,9289,31,37,123,26,0,4,179,254,26,245,17,95,92,44,38,53,183,44,35,50,16,52,0,0,0,0,0,0,27,0,31,37,91,323,10,1194,0,0,1781,351,1,0,0,0,0,43995,0,922,0,0,0,0,0,0,0,0,0,0,0,0,0,0,0,0,0

Legend/Footnotes
"Note. TiVA services trade statistics are based primarily on published data from <a href=""https://apps.bea.gov/iTable/?reqid=62&amp;step=9&amp;isuri=1&amp;product=4"" >BEAs U.S. Trade in Services statistics</a>, Table 2.3. U.S. Trade in Services, by Country or Affiliation and by Type of Service. The methodology for imputing suppressed cells in Table 2.3 made no use of information on the underlying suppressed values themselves."
