"Import Matrix, After Redefinitions"
"Import Matrix, After Redefinitions"
"March 15, 2024"
IOCode,Commodities/Industries,111,112,113FF,211,212,213,2211,2212NW,23EH,23MR,23OC,23OR,23OT,23PC,23SF,23TH,321,327,3311IS,3313NF,332,33311,33312,33313,3332OM,3341,3342,3344,3345,334X,335,336111,336112,33612,3362BP,3364,3365AO,337,3391,3399,311,3121,3122,313TT,315AL,322,323,324,3251,3252,3254,325X,326,4231,4234,4236,4238,423X,4242,4244,4247,424X,425,42ID,441,445,452,444,446,447,448,454,4A0X,481,482,483,484,485,486,48A,492,493,5111,5112,512,515,5171,5172,5174OT,518,519,521CI,523,524113,5241XX,5242,525,HSO,HST,ORE,532RL,5411,5415,5412,5413,5416,5417,5418,541X,55,5613,5617,561X,562,61,6211,6212,6213,6214,6215OH,622,623,624,711AS,713,721,722,811,812,813,814,GFGD,GFGN,GFE,GSLGE,GSLGH,GSLGO,GSLE
IOCode,Name,Crop production,Animal production and aquaculture,"Forestry, fishing, and related activities",Oil and gas extraction,"Mining, except oil and gas",Support activities for mining,"Electric power generation, transmission, and distribution","Natural gas distribution and water, sewage and other systems","Education, hospital, and health structures",Maintenance and repair construction,Office and commercial structures,Other residential construction,Other nonresidential structures,Power and communication structures,Single-family residential structures,Transportation structures and highways and streets,Wood products,Nonmetallic mineral products,Iron and steel mills and manufacturing from purchased steel,Nonferrous metal production and processing and foundries,Fabricated metal products,Agricultural implement manufacturing,Construction machinery manufacturing,Mining and oil and gas field machinery manufacturing,Other machinery,Computer and peripheral equipment manufacturing,Communications equipment manufacturing,Semiconductor and other electronic component manufacturing,"Navigational, measuring, electromedical, and control instruments manufacturing",Other computer and electronic product manufacturing,"Electrical equipment, appliances, and components",Automobile manufacturing,Light truck and utility vehicle manufacturing,Heavy duty truck manufacturing,"Motor vehicle body, trailer, and parts manufacturing",Aerospace product and parts manufacturing,All other transportation equipment manufacturing,Furniture and related products,Medical equipment and supplies manufacturing,Other miscellaneous manufacturing,Food manufacturing,Beverage manufacturing,Tobacco product manufacturing,Textile mills and textile product mills,Apparel and leather and allied products,Paper products,Printing and related support activities,Petroleum and coal products,Basic chemical manufacturing,"Resin, rubber, and artificial fibers manufacturing",Pharmaceutical and medicine manufacturing,Other chemical manufacturing,Plastics and rubber products,Motor vehicle and motor vehicle parts and supplies merchant wholesalers,Professional and commercial equipment and supplies merchant wholesalers,Household appliances and electrical and electronic goods merchant wholesalers,"Machinery, equipment, and supplies merchant wholesalers",Other durable goods merchant wholesalers,Drugs and druggists sundries merchant wholesalers,Grocery and related products merchant wholesalers,Petroleum and petroleum products merchant wholesalers,Other nondurable goods merchant wholesalers,Wholesale electronic markets and agents and brokers,Customs duties,Motor vehicle and parts dealers,Food and beverage stores,General merchandise stores,Building material and garden equipment and supplies dealers,Health and personal care stores,Gasoline stations,Clothing and clothing accessories stores,Nonstore retailers,All other retail,Air transportation,Rail transportation,Water transportation,Truck transportation,Transit and ground passenger transportation,Pipeline transportation,Scenic and sightseeing transportation and support activities,Couriers and messengers,Warehousing and storage,"Newspaper, periodical, book, and directory publishers",Software publishers,Motion picture and sound recording industries,Broadcasting (except Internet),Wired telecommunications carriers,Wireless telecommunications carriers (except satellites),"Other telecommunications, including satellite","Data processing, hosting, and related services",Other information services,"Federal Reserve banks, credit intermediation, and related activities","Securities, commodity contracts, and investments",Direct life insurance carriers,"Insurance Carriers, except Direct Life Insurance","Agencies, brokerages, and other insurance related activities","Funds, trusts, and other financial vehicles",Owner-occupied housing,Tenant-occupied housing,Other real estate,Rental and leasing services and lessors of intangible assets,Legal services,Computer systems design and related services,"Accounting, tax preparation, bookkeeping, and payroll services","Architectural, engineering, and related services","Management, scientific, and technical consulting services",Scientific research and development services,"Advertising, public relations, and related services","Specialized design services and other professional, scientific, and technical services",Management of companies and enterprises,Employment services,Services to buildings and dwellings,Other administrative and support services,Waste management and remediation services,Educational services,Offices of physicians,Offices of dentists,Offices of other health practitioners,Outpatient care centers,Other ambulatory health care services,Hospitals,Nursing and residential care facilities,Social assistance,"Performing arts, spectator sports, museums, and related activities","Amusements, gambling, and recreation industries",Accommodation,Food services and drinking places,Repair and maintenance,Personal and laundry services,"Religious, grantmaking, civic, professional, and similar organizations",Private households,Federal general government (defense),Federal general government (nondefense),Federal government enterprises,State and local government educational services,State and local government hospitals and health services,State and local government other services,State and local government enterprises
111,Crop production,1381,221,8,0,0,0,0,0,2,41,2,19,3,0,15,2,0,0,0,0,0,0,0,0,0,0,0,0,0,0,0,0,0,0,0,0,0,0,0,17,13059,1253,257,-16,0,0,0,0,759,0,8,0,0,0,0,0,0,0,0,0,0,4,0,0,44,25,3,0,0,43,0,0,0,0,0,0,0,0,0,6,0,0,0,0,0,0,0,0,0,0,0,0,0,0,0,0,0,0,0,0,0,0,0,1,1,1,27,2,0,0,0,136,0,0,56,0,0,0,0,0,0,0,0,0,8,8,351,0,0,3,0,0,110,0,230,112,255,0
112,Animal production and aquaculture,16,533,82,0,0,0,0,0,0,0,0,0,0,0,0,0,0,0,0,0,0,0,0,0,0,0,0,0,0,0,0,0,0,0,0,0,0,0,0,1,3408,2,0,6,0,0,0,0,0,0,0,0,0,0,0,0,0,0,0,0,0,0,0,0,0,0,2,0,0,0,0,0,0,0,0,0,0,0,0,1,0,0,0,0,0,0,0,0,0,0,0,0,0,0,0,0,0,0,0,0,0,0,0,0,0,0,140,0,0,0,0,0,2,0,2,0,0,0,0,0,0,0,0,0,105,2,3835,0,0,0,0,4,0,0,0,0,1,0
113FF,"Forestry, fishing, and related activities",202,31,18,0,2,0,0,0,0,0,0,0,0,0,0,0,224,0,0,0,0,0,0,0,0,0,0,0,0,0,0,0,0,0,0,0,0,78,0,224,7177,84,0,0,14,44,25,0,158,5,0,131,1785,0,0,0,0,0,0,0,0,0,0,0,0,871,0,0,0,0,0,0,0,0,0,0,0,0,0,1,0,0,0,0,0,0,0,0,0,0,0,0,0,0,0,0,0,0,0,0,0,0,0,0,0,0,41,0,0,1,0,3,0,0,53,0,0,0,0,0,0,0,0,0,292,374,7493,0,0,75,0,0,0,17,111,406,274,0
211,Oil and gas extraction,0,0,0,8850,0,0,2070,2187,0,0,0,0,0,0,0,0,1,0,0,0,0,0,0,0,0,0,0,0,0,0,0,0,0,0,0,0,0,0,0,0,0,0,0,0,0,0,0,200739,229,3,0,2,0,0,0,0,0,0,0,0,0,1,0,0,1,0,0,1,0,0,1,0,2,0,0,0,0,0,1,0,0,12,0,21,2,0,0,0,0,0,5,0,0,0,0,0,0,0,0,5,0,0,0,1,0,0,0,0,0,1,0,0,0,1,39,0,0,0,0,0,0,0,1,0,5,0,0,0,0,2,0,0,0,174,0,0,0,2683
212,"Mining, except oil and gas",88,9,0,4,148,3,161,7,152,51,54,148,40,11,56,73,0,878,1298,192,29,1,0,0,20,0,2,0,0,0,41,0,0,0,39,10,0,0,12,23,181,2,1,1,0,28,0,178,939,1,0,443,3,0,0,0,0,12,0,0,0,0,0,0,0,0,0,0,0,0,2,0,0,0,1,0,0,0,0,0,0,0,0,0,0,1,2,0,0,1,18,0,0,0,0,0,0,0,0,0,0,0,0,0,49,0,211,0,0,2,0,8,4,1,5,0,0,0,0,0,0,0,7,5,10,1,19,2,10,3,0,0,123,0,10,9,1080,101
213,Support activities for mining,0,0,0,202,41,22,0,0,0,0,0,0,0,0,0,0,0,0,0,0,0,0,0,0,0,0,0,0,0,0,0,0,0,0,0,0,0,0,0,0,0,0,0,0,0,0,0,0,0,0,0,0,0,0,0,0,0,0,0,0,0,0,0,0,0,0,0,0,0,0,0,0,0,0,0,0,0,0,0,0,0,0,0,0,0,0,0,0,0,0,0,0,0,0,0,0,0,0,0,0,0,0,0,0,0,0,1,0,0,0,0,0,0,0,0,0,0,0,0,0,0,0,0,0,0,0,0,0,0,0,0,0,0,0,0,0,0,0
2211,"Electric power generation, transmission, and distribution",12,14,1,77,28,2,143,9,18,13,8,25,7,4,24,7,12,24,24,17,27,1,1,1,11,0,1,8,2,0,5,0,3,0,17,17,2,3,3,4,35,6,2,8,0,33,11,64,35,14,4,13,38,9,11,13,14,37,12,25,7,38,3,0,41,106,89,32,20,81,21,55,38,3,0,2,44,2,7,16,3,25,2,10,4,6,22,36,2,2,48,14,12,0,1,2,0,0,10,269,23,7,9,4,11,5,21,5,8,53,17,9,16,14,4,14,4,2,7,3,57,27,11,8,32,43,239,31,27,11,0,6,2,45,14,4,14,13
2212NW,"Natural gas distribution and water, sewage and other systems",0,0,0,0,0,0,0,0,0,0,0,0,0,0,0,0,0,0,0,0,0,0,0,0,0,0,0,0,0,0,0,0,0,0,0,0,0,0,0,0,0,0,0,0,0,0,0,0,0,0,0,0,0,0,0,0,0,0,0,0,0,0,0,0,0,0,0,0,0,0,0,0,0,0,0,0,0,0,0,0,0,0,0,0,0,0,0,0,0,0,0,0,0,0,0,0,0,0,0,0,0,0,0,0,0,0,0,0,0,0,0,0,0,0,0,0,0,0,0,0,0,0,0,0,0,0,0,0,0,0,0,0,0,0,0,0,0,0
23EH,"Education, hospital, and health structures",0,0,0,0,0,0,0,0,0,0,0,0,0,0,0,0,0,0,0,0,0,0,0,0,0,0,0,0,0,0,0,0,0,0,0,0,0,0,0,0,0,0,0,0,0,0,0,0,0,0,0,0,0,0,0,0,0,0,0,0,0,0,0,0,0,0,0,0,0,0,0,0,0,0,0,0,0,0,0,0,0,0,0,0,0,0,0,0,0,0,0,0,0,0,0,0,0,0,0,0,0,0,0,0,0,0,0,0,0,0,0,0,0,0,0,0,0,0,0,0,0,0,0,0,0,0,0,0,0,0,0,0,0,0,0,0,0,0
23MR,Maintenance and repair construction,0,0,0,0,0,0,0,0,0,0,0,0,0,0,0,0,0,0,0,0,0,0,0,0,0,0,0,0,0,0,0,0,0,0,0,0,0,0,0,0,0,0,0,0,0,0,0,0,0,0,0,0,0,0,0,0,0,0,0,0,0,0,0,0,0,0,0,0,0,0,0,0,0,0,0,0,0,0,0,0,0,0,0,0,0,0,0,0,0,0,0,0,0,0,0,0,0,0,0,0,0,0,0,0,0,0,0,0,0,0,0,0,0,0,0,0,0,0,0,0,0,0,0,0,0,0,0,0,0,0,0,0,0,0,0,0,0,0
23OC,Office and commercial structures,0,0,0,0,0,0,0,0,0,0,0,0,0,0,0,0,0,0,0,0,0,0,0,0,0,0,0,0,0,0,0,0,0,0,0,0,0,0,0,0,0,0,0,0,0,0,0,0,0,0,0,0,0,0,0,0,0,0,0,0,0,0,0,0,0,0,0,0,0,0,0,0,0,0,0,0,0,0,0,0,0,0,0,0,0,0,0,0,0,0,0,0,0,0,0,0,0,0,0,0,0,0,0,0,0,0,0,0,0,0,0,0,0,0,0,0,0,0,0,0,0,0,0,0,0,0,0,0,0,0,0,0,0,0,0,0,0,0
23OR,Other residential construction,0,0,0,0,0,0,0,0,0,0,0,0,0,0,0,0,0,0,0,0,0,0,0,0,0,0,0,0,0,0,0,0,0,0,0,0,0,0,0,0,0,0,0,0,0,0,0,0,0,0,0,0,0,0,0,0,0,0,0,0,0,0,0,0,0,0,0,0,0,0,0,0,0,0,0,0,0,0,0,0,0,0,0,0,0,0,0,0,0,0,0,0,0,0,0,0,0,0,0,0,0,0,0,0,0,0,0,0,0,0,0,0,0,0,0,0,0,0,0,0,0,0,0,0,0,0,0,0,0,0,0,0,0,0,0,0,0,0
23OT,Other nonresidential structures,0,0,0,0,0,0,0,0,0,0,0,0,0,0,0,0,0,0,0,0,0,0,0,0,0,0,0,0,0,0,0,0,0,0,0,0,0,0,0,0,0,0,0,0,0,0,0,0,0,0,0,0,0,0,0,0,0,0,0,0,0,0,0,0,0,0,0,0,0,0,0,0,0,0,0,0,0,0,0,0,0,0,0,0,0,0,0,0,0,0,0,0,0,0,0,0,0,0,0,0,0,0,0,0,0,0,0,0,0,0,0,0,0,0,0,0,0,0,0,0,0,0,0,0,0,0,0,0,0,0,0,0,0,0,0,0,0,0
23PC,Power and communication structures,0,0,0,0,0,0,0,0,0,0,0,0,0,0,0,0,0,0,0,0,0,0,0,0,0,0,0,0,0,0,0,0,0,0,0,0,0,0,0,0,0,0,0,0,0,0,0,0,0,0,0,0,0,0,0,0,0,0,0,0,0,0,0,0,0,0,0,0,0,0,0,0,0,0,0,0,0,0,0,0,0,0,0,0,0,0,0,0,0,0,0,0,0,0,0,0,0,0,0,0,0,0,0,0,0,0,0,0,0,0,0,0,0,0,0,0,0,0,0,0,0,0,0,0,0,0,0,0,0,0,0,0,0,0,0,0,0,0
23SF,Single-family residential structures,0,0,0,0,0,0,0,0,0,0,0,0,0,0,0,0,0,0,0,0,0,0,0,0,0,0,0,0,0,0,0,0,0,0,0,0,0,0,0,0,0,0,0,0,0,0,0,0,0,0,0,0,0,0,0,0,0,0,0,0,0,0,0,0,0,0,0,0,0,0,0,0,0,0,0,0,0,0,0,0,0,0,0,0,0,0,0,0,0,0,0,0,0,0,0,0,0,0,0,0,0,0,0,0,0,0,0,0,0,0,0,0,0,0,0,0,0,0,0,0,0,0,0,0,0,0,0,0,0,0,0,0,0,0,0,0,0,0
23TH,Transportation structures and highways and streets,0,0,0,0,0,0,0,0,0,0,0,0,0,0,0,0,0,0,0,0,0,0,0,0,0,0,0,0,0,0,0,0,0,0,0,0,0,0,0,0,0,0,0,0,0,0,0,0,0,0,0,0,0,0,0,0,0,0,0,0,0,0,0,0,0,0,0,0,0,0,0,0,0,0,0,0,0,0,0,0,0,0,0,0,0,0,0,0,0,0,0,0,0,0,0,0,0,0,0,0,0,0,0,0,0,0,0,0,0,0,0,0,0,0,0,0,0,0,0,0,0,0,0,0,0,0,0,0,0,0,0,0,0,0,0,0,0,0
321,Wood products,8,0,0,0,2,12,0,0,2341,1972,1793,2766,929,287,3334,817,8735,6,1,2,52,0,0,0,228,0,0,2,1,0,0,0,0,0,938,1,63,2645,96,342,48,0,0,32,0,1040,1,0,3,1,1,27,489,36,13,21,13,56,18,40,46,59,4,0,7,24,8,4,10,6,14,29,14,0,367,0,2,0,1,1,1,25,3,2,21,15,20,101,2,267,51,80,2,0,0,0,0,4,6,807,190,4,15,1,37,2,54,3,51,0,3,33,81,10,8,81,13,2,2,8,114,1,171,3,65,269,329,23,7,70,0,2,5,1,1323,6,148,51
327,Nonmetallic mineral products,0,0,0,514,12,74,1,0,2256,395,884,1824,520,188,1929,532,185,3552,511,128,648,94,10,129,478,9,8,54,26,0,458,383,527,76,657,20,142,113,96,161,113,911,0,12,0,16,0,580,8,28,42,250,669,0,1,0,1,5,0,7,0,17,0,0,134,39,0,17,1,0,21,233,91,0,3,0,56,0,0,1,3,42,0,1,1,341,640,267,2,222,0,14,18,0,0,15,0,1,0,0,240,0,10,0,523,213,487,13,117,19,0,135,93,155,30,121,62,42,5,237,1647,55,126,2,44,15,1090,200,1,27,0,11,471,0,139,552,276,250
3311IS,Iron and steel mills and manufacturing from purchased steel,43,45,0,3033,147,96,0,0,1016,399,314,224,162,38,168,26,47,573,13872,846,14910,1105,1348,559,4871,1,44,93,46,10,1500,4,1297,49,5811,542,552,463,123,572,0,0,0,10,0,19,9,0,21,0,0,0,390,8,6,2,0,185,0,0,0,33,2,0,1,0,0,0,0,0,0,0,0,0,32,0,0,0,0,15,0,0,3,0,4,15,22,3,5,19,248,0,0,0,0,0,0,0,0,1456,76,0,0,1,309,1,156,2,0,26,0,181,112,139,78,1,4,11,44,18,7,6,133,16,135,14,9,114,56,18,0,0,2,0,1,3,2,64
3313NF,Nonferrous metal production and processing and foundries,0,0,0,0,2,0,0,0,14,90,6,97,20,106,99,16,68,58,6213,27005,8549,83,33,97,2827,3,143,2136,264,4,6022,13,3452,112,4694,270,1081,721,822,1382,33,594,2,0,0,342,0,8,0,0,0,0,173,1,0,0,0,53,0,0,0,0,13,0,0,0,0,0,0,0,16,1,1,0,32,0,0,0,0,2,0,0,4,0,7,24,36,0,9,33,386,0,0,0,0,0,0,0,0,0,0,0,0,0,555,0,168,0,0,10,0,0,11,0,0,0,0,0,0,0,3,0,5,0,3,0,34,331,0,3,0,87,389,0,0,0,0,230
332,Fabricated metal products,123,711,63,4178,219,110,2,625,2811,2093,1948,3682,3056,2244,2685,2392,780,214,254,198,5460,361,910,151,3300,10,333,137,340,10,1172,252,1307,323,3779,697,1130,846,309,241,1961,320,338,72,0,963,59,112,254,163,43,1358,1219,19,195,28,20,83,48,92,54,122,11,0,74,90,33,65,27,113,27,192,1105,1,145,40,358,154,16,35,117,239,27,27,10,2324,883,765,28,181,350,99,37,0,0,0,15,4,1,1522,584,19,593,22,901,69,636,33,187,193,32,589,417,840,128,17,24,4,10,19,272,8,980,8,339,614,1239,1175,160,195,0,1789,347,80,341,380,927,1060
33311,Agricultural implement manufacturing,1291,630,10,0,0,0,0,0,0,0,0,0,0,0,0,0,0,0,0,0,0,1703,0,0,0,0,0,0,0,0,0,0,0,0,0,0,0,0,0,0,0,0,0,0,0,0,0,0,0,0,0,0,0,0,0,0,0,19,0,0,0,0,0,0,0,0,0,0,0,0,0,0,0,0,0,0,0,0,0,0,0,0,0,0,0,0,0,0,0,0,0,0,0,0,0,0,0,0,0,0,0,0,0,0,0,0,75,0,0,5,0,0,1,335,0,0,0,0,0,0,0,0,0,10,0,0,0,12,0,0,0,0,0,0,534,0,285,586
33312,Construction machinery manufacturing,0,0,0,1104,1328,475,0,0,0,240,7,2016,76,59,610,17,0,0,0,0,0,0,240,0,0,0,0,0,0,0,0,0,0,0,0,0,177,0,0,0,0,0,0,0,0,0,0,0,0,0,0,0,0,0,0,0,0,0,0,0,0,0,0,0,0,0,0,0,0,0,0,0,0,0,0,0,0,0,0,0,0,0,0,0,0,0,0,6,0,0,0,0,0,0,0,0,0,0,0,0,0,0,0,0,338,0,59,0,0,1,0,0,0,905,0,0,0,0,0,0,0,0,0,0,0,0,0,0,0,0,0,0,0,0,0,0,0,5
33313,Mining and oil and gas field machinery manufacturing,0,0,0,664,197,98,0,0,0,0,0,0,0,0,0,0,0,0,0,0,0,0,0,0,0,0,0,0,0,0,0,0,0,0,0,0,0,0,0,0,0,0,0,0,0,0,0,0,0,0,0,0,0,0,0,0,0,0,0,0,0,0,0,0,0,0,0,0,0,0,0,0,0,0,0,0,0,0,0,0,0,0,0,0,0,0,0,0,0,0,0,0,0,0,0,0,0,0,0,0,0,0,0,0,45,0,4,0,0,0,0,0,0,217,0,0,0,0,0,0,0,0,0,0,0,0,0,0,0,0,0,7,0,0,0,0,0,0
3332OM,Other machinery,12,1,29,4242,484,709,728,36,2809,640,1484,1452,3060,105,522,360,173,38,102,235,1980,690,1512,668,12884,0,8,30,135,2,1342,784,5232,2829,8837,482,863,41,77,313,1442,1713,31,12,0,711,708,28,585,162,0,1695,872,10,72,38,246,145,14,171,26,159,16,0,69,54,35,71,12,44,282,63,30,1,10,14,184,46,19,4533,11,538,15,3,2,63,32,234,8,59,25,1,8,0,623,0,0,1,1,6,300,3,1977,184,742,192,368,41,133,325,0,3148,453,2043,506,278,2,36,18,381,200,26,45,2,93,27,251,4148,97,159,0,203,296,3,984,733,829,1215
3341,Computer and peripheral equipment manufacturing,3,0,0,0,16,26,10,0,220,55,5,94,28,10,94,35,46,47,3,31,77,0,2,2,116,1240,226,346,1173,0,0,77,927,64,9,2,6,14,10,8,57,1,0,3,0,37,27,84,0,0,1,0,164,0,0,0,0,0,15,0,0,0,0,0,312,309,513,156,99,349,113,471,177,0,0,0,174,2,4,71,0,92,172,0,32,15,240,458,69,457,410,202,971,0,0,3,238,0,0,657,64,714,710,431,747,1125,308,455,698,1550,592,1326,860,293,221,106,0,90,0,269,7,39,338,26,154,138,153,18,33,243,0,261,186,0,1302,285,290,96
3342,Communications equipment manufacturing,1,0,0,0,0,16,1,0,775,147,55,355,126,4,38,329,0,0,0,0,0,0,0,0,159,13,3385,261,1951,0,6,0,0,0,67,7927,0,0,0,0,0,0,0,0,0,0,13,35,0,0,0,0,19,3,371,545,0,563,612,0,503,340,0,0,36,91,152,14,11,31,11,92,14,0,17,0,131,2,1,0,0,87,805,0,90,434,4402,3840,1019,5369,1415,291,201,0,15,0,318,0,1,47,81,549,264,341,123,238,142,103,155,5106,2788,831,485,207,35,962,0,44,0,14,110,0,138,7,30,2,4,606,0,227,0,4577,71,0,46,0,0,5
3344,Semiconductor and other electronic component manufacturing,0,0,0,0,0,2,0,0,6,10,2,37,3,0,76,51,500,224,205,352,1710,244,198,160,1899,149,1096,4695,1607,61,1544,62,1244,69,5957,427,155,334,196,365,208,931,109,145,5,82,233,182,191,154,5,680,653,319,1,200,283,630,21729,0,9,413,44,0,105,0,3,8,75,0,1,2,2,2,0,0,6,0,0,1,0,0,4,1253,0,1,2214,1464,225,1511,7,114,83,0,0,0,0,0,0,0,14,0,2871,38,163,3,1197,0,36,0,0,0,203,3,88,0,0,0,0,1,66,34,0,0,0,0,0,3381,0,0,0,98,881,0,46,3,87,10
3345,"Navigational, measuring, electromedical, and control instruments manufacturing",0,0,1,65,8,17,18,1,247,132,153,444,24,0,79,8,5,3,0,0,927,0,1,1,509,4,492,343,1683,0,165,109,567,114,8,601,508,0,96,1,1,0,0,0,0,4,32,2,283,101,0,3,161,0,0,0,9,16,0,12,3,3,51,0,107,25,6,9,2,41,0,24,0,0,0,0,4,0,0,0,0,0,8,13,6,0,14,29,2,19,128,0,0,0,0,0,0,0,0,0,17,27,297,42,1962,11,118,6,162,4,6,30,139,267,40,998,250,26,198,464,262,10,58,0,0,0,35,89,50,22,0,1103,933,0,16,12,35,669
334X,Other computer and electronic product manufacturing,0,0,0,0,0,0,0,0,45,0,0,0,0,0,0,0,0,0,0,0,0,0,0,0,0,0,40,50,4,782,1,435,6175,126,2,0,0,0,0,0,0,0,0,0,0,0,16,0,0,0,0,0,0,3,0,0,1,5,1,5,5,1,0,0,214,125,3,60,75,211,2,121,1,0,0,0,0,0,0,23,0,1,1,49,365,0,1,1,0,6,0,20,7,0,0,0,0,0,0,1,2,15,5,9,8,96,8,13,28,24,1,55,45,0,13,4,3,0,0,1,1,3,0,0,0,37,21,14,0,9,0,0,697,0,32,0,8,2
335,"Electrical equipment, appliances, and components",3918,2079,74,157,69,613,8,5,3042,7250,2781,5071,2660,582,5216,742,391,102,677,223,2114,282,411,86,9805,38,334,342,839,14,6753,31,814,83,3048,370,508,101,424,119,785,418,0,49,2,454,84,194,181,211,12,211,774,3,8,3,4,13,0,19,17,11,0,0,218,64,621,60,1,87,20,120,60,1,73,0,41,94,2,25,1,69,0,3,0,2,604,2970,147,136,0,93,64,0,0,42,0,1,1,1343,165,0,3043,231,2791,70,486,3,1042,25,31,552,637,948,180,3,2,0,0,1,697,762,184,49,206,528,460,2016,291,33,0,710,2338,68,449,227,349,1877
336111,Automobile manufacturing,0,0,0,0,0,0,0,0,0,0,0,0,0,0,0,0,0,0,0,0,0,0,0,0,0,0,0,0,0,0,0,0,0,0,0,0,0,0,0,0,0,0,0,0,0,0,0,0,0,0,0,0,0,0,0,0,0,0,0,0,0,0,0,0,0,0,0,0,0,0,0,0,0,0,0,0,0,0,0,0,0,0,0,0,0,0,0,0,0,0,0,0,0,0,0,0,0,0,0,0,0,0,0,0,0,0,0,0,0,0,0,0,0,0,0,0,0,0,0,0,0,0,0,0,0,0,0,0,0,0,0,0,0,0,0,0,0,0
336112,Light truck and utility vehicle manufacturing,0,0,0,0,0,0,0,0,0,0,0,0,0,0,0,0,0,0,0,0,0,0,0,0,0,0,0,0,0,0,0,0,0,0,0,0,0,0,0,0,0,0,0,0,0,0,0,0,0,0,0,0,0,0,0,0,0,0,0,0,0,0,0,0,0,0,0,0,0,0,0,0,0,0,0,0,0,0,0,0,0,0,0,0,0,0,0,0,0,0,0,0,0,0,0,0,0,0,0,0,0,0,0,0,0,0,0,0,0,0,0,0,0,0,0,0,0,0,0,0,0,0,0,0,0,0,0,0,0,0,0,0,0,0,0,0,0,0
33612,Heavy duty truck manufacturing,0,0,0,0,0,0,0,0,0,0,0,0,0,0,0,0,1,0,0,0,0,0,86,14,1,0,0,0,0,0,0,0,0,157,708,0,0,0,0,0,0,0,0,0,0,0,0,0,0,0,0,0,0,0,0,0,0,0,0,0,0,0,0,0,10,0,0,0,0,0,0,0,0,0,0,0,0,0,0,0,0,0,0,0,0,0,0,0,0,0,0,0,0,0,0,0,0,0,0,0,0,0,0,0,0,0,0,0,0,0,0,0,0,0,0,0,0,0,0,0,0,0,0,0,0,0,0,44,0,0,0,0,0,0,20,0,0,0
3362BP,"Motor vehicle body, trailer, and parts manufacturing",283,197,57,664,304,111,16,3,0,1123,0,4,0,0,0,0,1152,276,322,122,722,1636,1787,128,1344,5,293,59,138,8,350,3822,37345,3775,24285,315,854,233,188,224,1074,964,48,36,0,674,78,115,114,135,12,462,399,149,65,221,398,1415,32,1195,208,703,169,0,1008,1035,161,845,379,203,53,1933,232,0,30,0,3092,208,0,48,2,848,54,14,57,588,39,51,1,22,268,87,13,0,0,0,0,0,0,0,1412,0,47,3,320,311,773,180,178,356,195,4816,909,726,179,38,37,10,44,157,916,69,961,24,60,70,849,8793,248,430,0,3079,86,1353,1620,147,1906,610
3364,Aerospace product and parts manufacturing,0,0,0,0,0,0,0,0,0,0,0,0,0,0,0,0,0,0,0,0,0,0,0,0,0,0,0,0,0,0,0,0,0,0,0,20849,0,0,0,0,0,0,0,0,0,0,0,0,0,0,0,0,0,0,0,0,0,0,0,0,0,0,0,0,0,0,0,0,0,0,0,0,0,0,0,0,0,0,0,326,520,0,0,0,0,0,0,0,0,0,0,0,0,0,0,0,0,0,0,0,0,0,0,0,0,0,0,0,0,0,0,0,0,0,0,0,0,0,0,0,0,0,0,0,0,0,0,0,0,0,0,2705,317,0,0,0,0,0
3365AO,All other transportation equipment manufacturing,0,0,0,0,5,0,0,0,2,0,0,0,0,0,0,0,0,0,0,0,0,0,0,0,0,0,0,0,0,0,0,0,0,0,0,0,1463,0,0,0,0,0,0,0,0,0,0,0,0,0,0,0,0,0,0,0,0,0,0,0,0,0,0,0,0,0,0,0,0,0,0,0,0,0,103,1,0,0,0,1,0,0,0,0,0,0,0,0,0,0,0,0,0,0,0,0,0,0,0,0,0,0,0,0,0,0,0,0,0,0,0,0,2,0,0,0,0,0,0,0,0,0,0,0,0,0,0,229,0,0,0,19,37,0,0,0,0,17
337,Furniture and related products,0,0,0,0,0,0,0,0,0,0,39,0,0,0,0,0,88,0,0,0,0,0,0,0,0,0,0,0,0,0,0,0,0,0,0,0,18,1987,0,0,0,0,0,0,0,0,0,0,0,0,0,0,0,0,0,0,0,155,0,475,0,222,0,0,96,0,0,0,0,0,247,299,1204,0,0,0,0,0,0,0,0,0,0,0,0,0,0,0,0,0,0,0,0,0,0,0,0,1678,140,0,0,0,0,0,0,0,171,0,515,5,0,0,0,0,0,0,0,0,37,150,24,0,0,274,245,0,0,155,0,0,0,0,0,17,0,0,0,921
3391,Medical equipment and supplies manufacturing,0,0,0,0,0,0,0,0,0,0,0,0,0,0,0,0,0,0,0,0,0,0,0,0,0,0,0,0,0,0,0,0,0,0,0,0,0,0,892,0,0,0,0,0,0,0,0,0,0,0,0,1,0,0,0,0,0,0,0,0,0,0,0,0,0,0,0,0,0,0,0,0,0,0,0,0,0,0,0,0,0,0,0,0,0,0,0,0,0,0,0,0,0,0,0,0,0,0,0,0,0,0,0,0,29,0,13,0,440,0,0,22,0,29,0,4953,953,11,345,19,10189,255,130,0,0,0,0,0,0,0,0,471,306,0,0,3094,0,6
3399,Other miscellaneous manufacturing,3,5,0,34,13,4,0,0,23,34,23,71,4,6,59,32,5,23,0,0,18,45,3,168,724,0,0,0,0,0,224,54,231,14,799,4,0,0,0,2432,0,0,0,4,30,0,1,0,128,1,0,0,16,0,18,27,2,61,73,104,20,61,1,0,690,66,0,45,8,3,132,903,6,0,0,0,4,8,0,14,23,56,0,2,2,0,19,23,4,28,3,23,11,0,0,9,0,0,0,202,30,3,8,128,212,65,49,276,84,6,33,861,50,7,140,5,7,1,21,19,83,37,1060,38,146,15,682,77,392,132,0,1,56,0,592,160,246,2
311,Food manufacturing,0,1600,0,0,0,0,0,0,0,0,0,0,0,0,0,0,1,217,0,0,0,0,0,0,0,0,0,0,0,0,0,0,0,0,0,0,0,0,0,9,17816,4594,0,3,1,95,3,256,138,10,547,1578,78,0,0,0,0,0,0,0,0,143,7,0,0,237,52,0,0,0,0,0,0,47,0,21,8,0,0,0,0,0,7,0,1,0,0,0,0,0,119,0,0,0,0,0,0,0,0,0,0,0,0,0,18,0,59,0,312,2,0,0,0,0,393,0,0,0,0,2,696,372,1343,1,133,280,11817,0,0,98,0,405,5,113,2975,2374,1569,0
3121,Beverage manufacturing,0,0,0,0,0,0,0,0,0,0,0,0,0,0,0,0,0,0,0,0,0,0,0,0,0,0,0,0,0,0,0,0,0,0,0,0,0,0,0,0,0,342,0,0,0,0,0,0,0,0,0,0,0,0,0,0,10,0,0,0,0,0,3,0,0,0,0,0,0,0,0,0,0,66,0,7,6,0,0,0,0,0,0,0,0,0,0,0,0,0,0,0,0,0,0,0,0,0,0,0,0,0,0,0,0,0,28,0,0,0,0,0,0,0,31,0,0,0,0,0,1,0,0,16,401,109,3035,0,0,33,0,0,0,0,26,26,6,0
3122,Tobacco product manufacturing,0,0,0,0,0,0,0,0,0,0,0,0,0,0,0,0,0,0,0,0,0,0,0,0,0,0,0,0,0,0,0,0,0,0,0,0,0,0,0,0,0,0,339,0,0,0,0,0,0,0,0,0,0,0,0,0,0,0,0,0,0,0,0,0,0,0,0,0,0,0,0,0,0,0,0,0,0,0,0,0,0,0,0,0,0,0,0,0,0,0,0,0,0,0,0,0,0,0,0,0,0,0,0,0,0,0,0,0,0,0,0,0,0,0,0,0,0,0,0,0,0,0,0,0,0,0,0,0,0,0,0,0,0,0,8,0,64,0
313TT,Textile mills and textile product mills,13,2,16,0,2,0,0,0,93,134,104,155,8,7,71,19,179,101,0,0,0,0,0,0,89,0,0,0,0,0,0,20,334,74,247,0,126,1750,74,66,51,0,0,2754,842,663,52,16,0,0,0,0,1805,53,160,234,31,299,258,92,230,225,7,0,13,50,3857,4,11,5,369,58,6,0,0,0,3,0,0,1,3,2,0,0,184,0,0,0,0,1,0,0,0,0,0,0,0,0,0,21,72,0,0,0,20,9,157,0,49,4,0,137,0,178,6,22,0,0,0,40,342,2072,1342,0,60,1451,437,26,460,17,0,289,306,0,65,1630,468,20
315AL,Apparel and leather and allied products,0,31,0,0,0,0,0,0,0,0,0,0,0,0,0,0,0,0,0,0,0,0,0,0,0,0,0,0,0,0,0,57,204,0,729,0,0,0,0,127,8,0,0,245,1516,0,1336,-13,0,0,0,0,0,7,32,9,0,9,36,118,0,46,0,0,80,5,8,17,12,53,19,90,0,0,0,0,0,0,0,0,0,0,0,0,6,18,171,866,37,0,0,0,0,0,0,0,0,0,0,0,42,0,0,0,0,0,0,0,0,0,0,47,20,0,33,23,0,0,0,4,75,0,180,33,55,22,627,371,21,605,0,290,106,7,491,78,2499,0
322,Paper products,185,3,0,18,25,4,1,0,54,71,25,70,18,8,337,12,58,114,34,37,94,4,3,5,113,0,7,7,10,0,113,11,123,15,151,10,11,60,73,74,3245,94,268,36,1,11630,2905,75,19,158,8,257,641,213,82,174,183,417,141,372,180,552,38,0,28,214,58,21,58,22,50,264,50,1,7,0,16,185,3,133,42,26,100,24,8,0,4,15,1,23,10,98,25,0,1,136,0,0,0,115,98,20,54,17,55,67,24,37,102,84,120,200,127,43,21,34,34,6,60,21,253,124,138,3,16,452,1067,20,20,44,0,15,353,9,1110,503,477,6
323,Printing and related support activities,0,0,0,0,0,0,0,1,0,4,0,11,0,0,1,0,0,0,0,0,2,0,0,0,0,0,0,0,0,0,0,0,0,0,0,0,0,0,0,0,2,0,0,0,0,0,40,0,0,2,4,3,0,5,38,25,12,36,40,7,15,21,6,0,4,6,5,1,3,5,2,266,7,0,0,0,6,0,1,2,1,2,36,2,14,33,55,9,0,10,72,47,96,16,42,60,0,0,0,21,4,5,10,4,20,23,4,32,13,6,3,10,644,1,10,10,17,1,4,6,73,2,30,18,2,300,66,2,7,16,0,20,130,0,152,151,163,7
324,Petroleum and coal products,1594,641,88,1000,650,166,6415,304,132,811,220,502,206,128,378,366,139,60,39,11,116,3,16,2,102,1,0,5,1,0,29,0,14,1,33,19,5,10,3,14,91,21,27,15,0,483,133,6630,832,345,23,414,111,53,28,140,24,159,9,75,60,139,7,0,114,63,44,136,13,53,12,60,51,8564,1628,1060,1950,88,16,280,2223,658,5,98,12,9,9,77,3,24,9,202,102,0,0,3,37,1,0,209,100,5,64,12,141,8,46,7,22,180,13,397,190,297,178,14,3,3,16,19,180,93,76,47,87,109,703,154,115,127,0,3811,351,183,12041,723,12059,4779
3251,Basic chemical manufacturing,708,2,0,3636,244,123,68,29,51,26,5,53,7,5,7,38,170,783,161,137,340,5,24,9,132,1,23,254,29,0,137,13,134,9,473,123,16,29,111,221,1429,133,35,395,1,1314,36,4042,11381,10403,352,7947,5254,0,22,15,0,46,0,46,50,115,3,0,19,18,16,0,4,10,0,26,0,0,11,2,68,1,1,0,10,2,6,0,8,0,227,106,23,4,0,7,7,0,0,0,0,30,1,5440,0,1,7,29,22,62,315,45,196,3,1,1036,421,419,33,385,86,474,43,811,341,84,7,0,12,14,822,170,5,11,0,1134,424,32,2234,7990,1466,33
3252,"Resin, rubber, and artificial fibers manufacturing",0,0,0,0,0,0,0,0,0,0,0,0,0,0,0,0,286,390,114,10,201,0,0,0,129,0,5,32,45,2,354,0,0,0,829,10,61,95,768,551,99,0,262,2696,4,413,0,1,48,3018,0,1980,16993,0,0,0,0,0,0,0,0,0,0,0,5,0,0,0,0,0,0,0,0,0,0,0,0,0,0,0,0,0,0,0,0,0,0,0,0,0,0,0,0,0,0,0,0,0,0,0,0,0,29,0,99,0,14,0,0,0,0,0,0,0,0,0,0,0,0,0,11,0,0,0,0,0,0,0,0,0,0,2,1,0,1,0,0,14
3254,Pharmaceutical and medicine manufacturing,0,37,1,0,0,0,0,0,0,22,0,0,0,0,0,0,0,0,0,0,0,0,0,0,0,0,0,0,0,0,0,0,0,0,0,0,0,0,0,0,38,0,0,0,0,0,0,0,0,0,51752,0,0,0,0,0,0,0,28,0,0,0,0,0,0,0,0,0,0,0,0,0,2,0,0,0,0,0,0,0,0,0,0,0,0,0,0,0,0,0,0,0,0,0,0,0,0,0,0,0,0,0,0,0,4,0,17675,0,886,666,0,0,0,0,0,2059,8,11860,0,3983,6155,67,0,1,1,0,0,0,0,0,0,3669,27,0,3,96,0,1
325X,Other chemical manufacturing,4657,572,1039,0,423,303,0,2,466,437,207,693,177,43,547,129,120,66,12,5,1644,23,9,3,47,0,2,9,24,0,58,15,436,22,188,8,29,97,32,51,273,22,12,24,9,394,267,2799,535,69,1,3451,318,0,1,0,7,1,0,4,1,650,3,0,1,1,4,29,1,0,1,1,2,0,15,0,1,0,0,8,0,82,3,3,121,1,7,7,1,21,108,4,10,0,1,16,0,50,12,520,10,22,46,2,401,41,476,55,169,244,101,1574,64,101,114,14,17,8,96,93,85,20,100,0,115,1,21,26,1320,31,0,224,806,2,406,804,2865,346
326,Plastics and rubber products,325,141,9,32,541,234,5,0,2368,1923,1629,1404,234,214,1016,162,475,363,155,61,698,897,500,82,1623,7,37,178,205,18,452,386,4467,402,1792,32,447,373,520,288,2055,470,14,89,12,434,1020,162,673,149,100,1237,3788,240,191,94,209,483,359,821,207,1144,47,0,181,211,108,103,49,190,64,439,138,331,1,0,477,40,41,11,35,139,57,30,37,186,133,294,12,153,20,7,24,0,1,368,0,2,2,389,1217,6,137,9,271,105,881,53,159,30,54,211,243,63,235,560,60,11,23,190,1214,151,455,8,70,21,714,450,182,126,0,268,519,25,1591,4565,1032,289
4231,Motor vehicle and motor vehicle parts and supplies merchant wholesalers,0,0,0,0,0,0,0,0,0,0,0,0,0,0,0,0,0,0,0,0,0,0,0,0,0,0,0,0,0,0,0,0,0,0,0,0,0,0,0,0,0,0,0,0,0,0,0,0,0,0,0,0,0,0,0,0,0,0,0,0,0,0,0,0,0,0,0,0,0,0,0,0,0,0,0,0,0,0,0,0,0,0,0,0,0,0,0,0,0,0,0,0,0,0,0,0,0,0,0,0,0,0,0,0,0,0,0,0,0,0,0,0,0,0,0,0,0,0,0,0,0,0,0,0,0,0,0,0,0,0,0,0,0,0,0,0,0,0
4234,Professional and commercial equipment and supplies merchant wholesalers,0,0,0,0,0,0,0,0,0,0,0,0,0,0,0,0,0,0,0,0,0,0,0,0,0,0,0,0,0,0,0,0,0,0,0,0,0,0,0,0,0,0,0,0,0,0,0,0,0,0,0,0,0,0,0,0,0,0,0,0,0,0,0,0,0,0,0,0,0,0,0,0,0,0,0,0,0,0,0,0,0,0,0,0,0,0,0,0,0,0,0,0,0,0,0,0,0,0,0,0,0,0,0,0,0,0,0,0,0,0,0,0,0,0,0,0,0,0,0,0,0,0,0,0,0,0,0,0,0,0,0,0,0,0,0,0,0,0
4236,Household appliances and electrical and electronic goods merchant wholesalers,0,0,0,0,0,0,0,0,0,0,0,0,0,0,0,0,0,0,0,0,0,0,0,0,0,0,0,0,0,0,0,0,0,0,0,0,0,0,0,0,0,0,0,0,0,0,0,0,0,0,0,0,0,0,0,0,0,0,0,0,0,0,0,0,0,0,0,0,0,0,0,0,0,0,0,0,0,0,0,0,0,0,0,0,0,0,0,0,0,0,0,0,0,0,0,0,0,0,0,0,0,0,0,0,0,0,0,0,0,0,0,0,0,0,0,0,0,0,0,0,0,0,0,0,0,0,0,0,0,0,0,0,0,0,0,0,0,0
4238,"Machinery, equipment, and supplies merchant wholesalers",0,0,0,0,0,0,0,0,0,0,0,0,0,0,0,0,0,0,0,0,0,0,0,0,0,0,0,0,0,0,0,0,0,0,0,0,0,0,0,0,0,0,0,0,0,0,0,0,0,0,0,0,0,0,0,0,0,0,0,0,0,0,0,0,0,0,0,0,0,0,0,0,0,0,0,0,0,0,0,0,0,0,0,0,0,0,0,0,0,0,0,0,0,0,0,0,0,0,0,0,0,0,0,0,0,0,0,0,0,0,0,0,0,0,0,0,0,0,0,0,0,0,0,0,0,0,0,0,0,0,0,0,0,0,0,0,0,0
423X,Other durable goods merchant wholesalers,0,0,0,0,0,0,0,0,0,0,0,0,0,0,0,0,0,0,0,0,0,0,0,0,0,0,0,0,0,0,0,0,0,0,0,0,0,0,0,0,0,0,0,0,0,0,0,0,0,0,0,0,0,0,0,0,0,0,0,0,0,0,0,0,0,0,0,0,0,0,0,0,0,0,0,0,0,0,0,0,0,0,0,0,0,0,0,0,0,0,0,0,0,0,0,0,0,0,0,0,0,0,0,0,0,0,0,0,0,0,0,0,0,0,0,0,0,0,0,0,0,0,0,0,0,0,0,0,0,0,0,0,0,0,0,0,0,0
4242,Drugs and druggists sundries merchant wholesalers,0,0,0,0,0,0,0,0,0,0,0,0,0,0,0,0,0,0,0,0,0,0,0,0,0,0,0,0,0,0,0,0,0,0,0,0,0,0,0,0,0,0,0,0,0,0,0,0,0,0,0,0,0,0,0,0,0,0,0,0,0,0,0,0,0,0,0,0,0,0,0,0,0,0,0,0,0,0,0,0,0,0,0,0,0,0,0,0,0,0,0,0,0,0,0,0,0,0,0,0,0,0,0,0,0,0,0,0,0,0,0,0,0,0,0,0,0,0,0,0,0,0,0,0,0,0,0,0,0,0,0,0,0,0,0,0,0,0
4244,Grocery and related products merchant wholesalers,0,0,0,0,0,0,0,0,0,0,0,0,0,0,0,0,0,0,0,0,0,0,0,0,0,0,0,0,0,0,0,0,0,0,0,0,0,0,0,0,0,0,0,0,0,0,0,0,0,0,0,0,0,0,0,0,0,0,0,0,0,0,0,0,0,0,0,0,0,0,0,0,0,0,0,0,0,0,0,0,0,0,0,0,0,0,0,0,0,0,0,0,0,0,0,0,0,0,0,0,0,0,0,0,0,0,0,0,0,0,0,0,0,0,0,0,0,0,0,0,0,0,0,0,0,0,0,0,0,0,0,0,0,0,0,0,0,0
4247,Petroleum and petroleum products merchant wholesalers,0,0,0,0,0,0,0,0,0,0,0,0,0,0,0,0,0,0,0,0,0,0,0,0,0,0,0,0,0,0,0,0,0,0,0,0,0,0,0,0,0,0,0,0,0,0,0,0,0,0,0,0,0,0,0,0,0,0,0,0,0,0,0,0,0,0,0,0,0,0,0,0,0,0,0,0,0,0,0,0,0,0,0,0,0,0,0,0,0,0,0,0,0,0,0,0,0,0,0,0,0,0,0,0,0,0,0,0,0,0,0,0,0,0,0,0,0,0,0,0,0,0,0,0,0,0,0,0,0,0,0,0,0,0,0,0,0,0
424X,Other nondurable goods merchant wholesalers,0,0,0,0,0,0,0,0,0,0,0,0,0,0,0,0,0,0,0,0,0,0,0,0,0,0,0,0,0,0,0,0,0,0,0,0,0,0,0,0,0,0,0,0,0,0,0,0,0,0,0,0,0,0,0,0,0,0,0,0,0,0,0,0,0,0,0,0,0,0,0,0,0,0,0,0,0,0,0,0,0,0,0,0,0,0,0,0,0,0,0,0,0,0,0,0,0,0,0,0,0,0,0,0,0,0,0,0,0,0,0,0,0,0,0,0,0,0,0,0,0,0,0,0,0,0,0,0,0,0,0,0,0,0,0,0,0,0
425,Wholesale electronic markets and agents and brokers,0,0,0,0,0,0,0,0,0,0,0,0,0,0,0,0,0,0,0,0,0,0,0,0,0,0,0,0,0,0,0,0,0,0,0,0,0,0,0,0,0,0,0,0,0,0,0,0,0,0,0,0,0,0,0,0,0,0,0,0,0,0,0,0,0,0,0,0,0,0,0,0,0,0,0,0,0,0,0,0,0,0,0,0,0,0,0,0,0,0,0,0,0,0,0,0,0,0,0,0,0,0,0,0,0,0,0,0,0,0,0,0,0,0,0,0,0,0,0,0,0,0,0,0,0,0,0,0,0,0,0,0,0,0,0,0,0,0
42ID,Customs duties,0,0,0,0,0,0,0,0,0,0,0,0,0,0,0,0,0,0,0,0,0,0,0,0,0,0,0,0,0,0,0,0,0,0,0,0,0,0,0,0,0,0,0,0,0,0,0,0,0,0,0,0,0,0,0,0,0,0,0,0,0,0,0,0,0,0,0,0,0,0,0,0,0,0,0,0,0,0,0,0,0,0,0,0,0,0,0,0,0,0,0,0,0,0,0,0,0,0,0,0,0,0,0,0,0,0,0,0,0,0,0,0,0,0,0,0,0,0,0,0,0,0,0,0,0,0,0,0,0,0,0,0,0,0,0,0,0,0
441,Motor vehicle and parts dealers,0,0,0,0,0,0,0,0,0,0,0,0,0,0,0,0,0,0,0,0,0,0,0,0,0,0,0,0,0,0,0,0,0,0,0,0,0,0,0,0,0,0,0,0,0,0,0,0,0,0,0,0,0,0,0,0,0,0,0,0,0,0,0,0,0,0,0,0,0,0,0,0,0,0,0,0,0,0,0,0,0,0,0,0,0,0,0,0,0,0,0,0,0,0,0,0,0,0,0,0,0,0,0,0,0,0,0,0,0,0,0,0,0,0,0,0,0,0,0,0,0,0,0,0,0,0,0,0,0,0,0,0,0,0,0,0,0,0
445,Food and beverage stores,0,0,0,0,0,0,0,0,0,0,0,0,0,0,0,0,0,0,0,0,0,0,0,0,0,0,0,0,0,0,0,0,0,0,0,0,0,0,0,0,0,0,0,0,0,0,0,0,0,0,0,0,0,0,0,0,0,0,0,0,0,0,0,0,0,0,0,0,0,0,0,0,0,0,0,0,0,0,0,0,0,0,0,0,0,0,0,0,0,0,0,0,0,0,0,0,0,0,0,0,0,0,0,0,0,0,0,0,0,0,0,0,0,0,0,0,0,0,0,0,0,0,0,0,0,0,0,0,0,0,0,0,0,0,0,0,0,0
452,General merchandise stores,0,0,0,0,0,0,0,0,0,0,0,0,0,0,0,0,0,0,0,0,0,0,0,0,0,0,0,0,0,0,0,0,0,0,0,0,0,0,0,0,0,0,0,0,0,0,0,0,0,0,0,0,0,0,0,0,0,0,0,0,0,0,0,0,0,0,0,0,0,0,0,0,0,0,0,0,0,0,0,0,0,0,0,0,0,0,0,0,0,0,0,0,0,0,0,0,0,0,0,0,0,0,0,0,0,0,0,0,0,0,0,0,0,0,0,0,0,0,0,0,0,0,0,0,0,0,0,0,0,0,0,0,0,0,0,0,0,0
444,Building material and garden equipment and supplies dealers,0,0,0,0,0,0,0,0,0,0,0,0,0,0,0,0,0,0,0,0,0,0,0,0,0,0,0,0,0,0,0,0,0,0,0,0,0,0,0,0,0,0,0,0,0,0,0,0,0,0,0,0,0,0,0,0,0,0,0,0,0,0,0,0,0,0,0,0,0,0,0,0,0,0,0,0,0,0,0,0,0,0,0,0,0,0,0,0,0,0,0,0,0,0,0,0,0,0,0,0,0,0,0,0,0,0,0,0,0,0,0,0,0,0,0,0,0,0,0,0,0,0,0,0,0,0,0,0,0,0,0,0,0,0,0,0,0,0
446,Health and personal care stores,0,0,0,0,0,0,0,0,0,0,0,0,0,0,0,0,0,0,0,0,0,0,0,0,0,0,0,0,0,0,0,0,0,0,0,0,0,0,0,0,0,0,0,0,0,0,0,0,0,0,0,0,0,0,0,0,0,0,0,0,0,0,0,0,0,0,0,0,0,0,0,0,0,0,0,0,0,0,0,0,0,0,0,0,0,0,0,0,0,0,0,0,0,0,0,0,0,0,0,0,0,0,0,0,0,0,0,0,0,0,0,0,0,0,0,0,0,0,0,0,0,0,0,0,0,0,0,0,0,0,0,0,0,0,0,0,0,0
447,Gasoline stations,0,0,0,0,0,0,0,0,0,0,0,0,0,0,0,0,0,0,0,0,0,0,0,0,0,0,0,0,0,0,0,0,0,0,0,0,0,0,0,0,0,0,0,0,0,0,0,0,0,0,0,0,0,0,0,0,0,0,0,0,0,0,0,0,0,0,0,0,0,0,0,0,0,0,0,0,0,0,0,0,0,0,0,0,0,0,0,0,0,0,0,0,0,0,0,0,0,0,0,0,0,0,0,0,0,0,0,0,0,0,0,0,0,0,0,0,0,0,0,0,0,0,0,0,0,0,0,0,0,0,0,0,0,0,0,0,0,0
448,Clothing and clothing accessories stores,0,0,0,0,0,0,0,0,0,0,0,0,0,0,0,0,0,0,0,0,0,0,0,0,0,0,0,0,0,0,0,0,0,0,0,0,0,0,0,0,0,0,0,0,0,0,0,0,0,0,0,0,0,0,0,0,0,0,0,0,0,0,0,0,0,0,0,0,0,0,0,0,0,0,0,0,0,0,0,0,0,0,0,0,0,0,0,0,0,0,0,0,0,0,0,0,0,0,0,0,0,0,0,0,0,0,0,0,0,0,0,0,0,0,0,0,0,0,0,0,0,0,0,0,0,0,0,0,0,0,0,0,0,0,0,0,0,0
454,Nonstore retailers,0,0,0,0,0,0,0,0,0,0,0,0,0,0,0,0,0,0,0,0,0,0,0,0,0,0,0,0,0,0,0,0,0,0,0,0,0,0,0,0,0,0,0,0,0,0,0,0,0,0,0,0,0,0,0,0,0,0,0,0,0,0,0,0,0,0,0,0,0,0,0,0,0,0,0,0,0,0,0,0,0,0,0,0,0,0,0,0,0,0,0,0,0,0,0,0,0,0,0,0,0,0,0,0,0,0,0,0,0,0,0,0,0,0,0,0,0,0,0,0,0,0,0,0,0,0,0,0,0,0,0,0,0,0,0,0,0,0
4A0X,All other retail,0,0,0,0,0,0,0,0,0,0,0,0,0,0,0,0,0,0,0,0,0,0,0,0,0,0,0,0,0,0,0,0,0,0,0,0,0,0,0,0,0,0,0,0,0,0,0,0,0,0,0,0,0,0,0,0,0,0,0,0,0,0,0,0,0,0,0,0,0,0,0,0,0,0,0,0,0,0,0,0,0,0,0,0,0,0,0,0,0,0,0,0,0,0,0,0,0,0,0,0,0,0,0,0,0,0,0,0,0,0,0,0,0,0,0,0,0,0,0,0,0,0,0,0,0,0,0,0,0,0,0,0,0,0,0,0,0,0
481,Air transportation,0,0,0,0,1,16,82,32,0,39,0,0,0,0,0,0,20,26,16,7,41,3,1,2,21,0,0,0,3,0,3,2,7,0,21,3,4,10,11,7,32,5,2,2,0,19,18,17,10,5,0,4,38,275,28,3,11,88,14,156,0,175,0,0,15,2,6,3,0,1,1,2,0,1,6,1,20,0,1,19,0,3,19,43,31,3,11,42,16,281,41,849,375,0,3,13,17,0,4,1441,196,121,617,140,195,129,75,67,57,50,404,75,194,54,73,285,26,14,17,29,28,30,75,14,16,17,345,9,14,45,0,0,244,10,93,80,169,9
482,Rail transportation,0,0,0,0,0,0,0,0,0,0,0,0,0,0,0,0,0,0,0,0,0,0,0,0,0,0,0,0,0,0,0,0,0,0,0,0,0,0,0,0,0,0,0,0,0,0,0,0,0,0,0,0,0,0,0,0,0,0,0,0,0,0,0,0,0,0,0,0,0,0,0,0,0,0,0,0,0,0,0,0,0,0,0,0,0,0,0,0,0,0,0,0,0,0,0,0,0,0,0,0,0,0,0,0,0,0,0,0,0,0,0,0,0,0,0,0,0,0,0,0,0,0,0,0,0,0,0,0,0,0,0,0,0,0,0,0,0,0
483,Water transportation,0,0,0,0,0,0,0,0,0,0,0,0,0,0,0,0,0,0,0,0,0,0,0,0,0,0,0,0,0,0,0,0,0,0,0,0,0,0,0,0,0,0,0,0,0,0,0,0,0,0,0,0,0,0,0,0,0,0,0,0,0,0,0,0,0,0,0,0,0,0,0,0,0,0,0,0,0,0,0,0,0,0,0,0,0,0,0,0,0,0,0,0,0,0,0,0,0,0,0,0,0,0,0,0,0,0,0,0,0,0,0,0,0,0,0,0,0,0,0,0,0,0,0,0,0,0,0,0,0,0,0,0,0,0,0,0,0,0
484,Truck transportation,0,0,0,0,0,0,0,0,0,0,0,0,0,0,0,0,0,0,0,0,0,0,0,0,0,0,0,0,0,0,0,0,0,0,0,0,0,0,0,0,0,0,0,0,0,0,0,0,0,0,0,0,0,0,0,0,0,0,0,0,0,0,0,0,0,0,0,0,0,0,0,0,0,0,0,0,0,0,0,0,0,0,0,0,0,0,0,0,0,0,0,0,0,0,0,0,0,0,0,0,0,0,0,0,0,0,0,0,0,0,0,0,0,0,0,0,0,0,0,0,0,0,0,0,0,0,0,0,0,0,0,0,0,0,0,0,0,0
485,Transit and ground passenger transportation,0,0,0,0,0,0,0,0,0,0,0,0,0,0,0,0,0,0,0,0,0,0,0,0,0,0,0,0,0,0,0,0,0,0,0,0,0,0,0,0,0,0,0,0,0,0,0,0,0,0,0,0,0,0,0,0,0,0,0,0,0,0,0,0,0,0,0,0,0,0,0,0,0,0,0,0,0,0,0,0,0,0,0,0,0,0,0,0,0,0,0,0,0,0,0,0,0,0,0,0,0,0,0,0,0,0,0,0,0,0,0,0,0,0,0,0,0,0,0,0,0,0,0,0,0,0,0,0,0,0,0,0,0,0,0,0,0,0
486,Pipeline transportation,0,0,0,0,0,0,0,0,0,0,0,0,0,0,0,0,0,0,0,0,0,0,0,0,0,0,0,0,0,0,0,0,0,0,0,0,0,0,0,0,0,0,0,0,0,0,0,0,0,0,0,0,0,0,0,0,0,0,0,0,0,0,0,0,0,0,0,0,0,0,0,0,0,0,0,0,0,0,0,0,0,0,0,0,0,0,0,0,0,0,0,0,0,0,0,0,0,0,0,0,0,0,0,0,0,0,0,0,0,0,0,0,0,0,0,0,0,0,0,0,0,0,0,0,0,0,0,0,0,0,0,0,0,0,0,0,0,0
48A,Scenic and sightseeing transportation and support activities,0,0,0,0,0,0,0,0,0,0,0,0,0,0,0,0,0,0,0,0,0,0,0,0,0,0,0,0,0,0,0,0,0,0,0,0,0,0,0,0,0,0,0,0,0,0,0,0,0,0,0,0,0,0,0,0,0,0,0,0,0,0,0,0,0,0,0,0,0,0,0,0,0,0,0,0,0,0,0,0,0,0,0,0,0,0,0,0,0,0,0,0,0,0,0,0,0,0,0,0,0,0,0,0,0,0,0,0,0,0,0,0,0,0,0,0,0,0,0,0,0,0,0,0,0,0,0,0,0,0,0,0,0,0,0,0,0,0
492,Couriers and messengers,0,0,0,0,0,0,0,0,0,0,0,0,0,0,0,0,0,0,0,0,0,0,0,0,0,0,0,0,0,0,0,0,0,0,0,0,0,0,0,0,0,0,0,0,0,0,0,0,0,0,0,0,0,1,2,3,2,4,1,1,1,3,0,0,0,0,0,0,0,0,0,3,1,0,0,0,9,0,0,0,1,1,0,0,0,0,0,0,0,1,0,0,0,0,0,0,0,0,0,0,2,0,0,0,0,0,0,0,0,0,0,0,1,0,0,0,0,0,0,0,1,0,0,0,0,0,0,0,0,0,0,0,0,0,0,0,1,0
493,Warehousing and storage,0,0,0,0,0,0,0,0,0,0,0,0,0,0,0,0,0,0,0,0,0,0,0,0,0,0,0,0,0,0,0,0,0,0,0,0,0,0,0,0,0,0,0,0,0,0,0,0,0,0,0,0,0,0,0,0,0,0,0,0,0,0,0,0,0,0,0,0,0,0,0,0,0,0,0,0,0,0,0,0,0,0,0,0,0,0,0,0,0,0,0,0,0,0,0,0,0,0,0,0,0,0,0,0,0,0,0,0,0,0,0,0,0,0,0,0,0,0,0,0,0,0,0,0,0,0,0,0,0,0,0,0,0,0,0,0,0,0
5111,"Newspaper, periodical, book, and directory publishers",0,0,0,0,0,0,0,0,0,0,0,0,0,0,0,0,0,0,0,0,0,0,0,0,0,0,0,0,0,0,0,0,1,0,0,0,0,0,0,0,0,0,0,0,0,0,1,0,0,0,0,0,0,1,1,1,1,4,0,2,0,1,1,0,0,1,0,1,0,2,0,4,0,0,0,0,1,0,0,30,0,1,11,1,0,0,0,1,0,1,2,5,5,0,1,0,0,0,0,13,26,14,3,7,2,7,13,2,2,8,1,1,5,0,11,10,1,0,28,2,7,1,22,0,0,1,4,0,8,3,0,1,49,1,281,7,9,0
5112,Software publishers,3,1,0,4,0,0,11,15,3,13,4,22,6,4,12,5,2,0,1,0,5,0,0,0,2,0,0,0,1,0,0,0,0,0,0,7,1,1,1,1,0,0,0,0,0,0,2,1,0,0,1,0,1,8,42,66,36,69,5,12,6,23,1,0,30,3,18,10,4,6,3,35,9,1,4,0,2,2,0,2,0,9,11,1,3,3,10,19,9,139,54,29,53,14,2,12,2,0,0,54,9,72,66,11,32,27,44,19,23,19,92,29,76,5,28,15,2,1,3,2,113,6,20,3,5,6,9,8,6,10,0,0,57,0,58,65,123,25
512,Motion picture and sound recording industries,0,0,0,0,0,0,0,0,0,0,0,0,0,0,0,0,0,0,0,0,0,0,0,0,0,0,0,0,0,0,0,0,0,0,0,0,0,0,0,0,0,0,0,0,0,0,0,0,0,0,0,0,0,1,0,0,0,10,0,0,0,0,0,0,35,26,0,0,0,1,0,0,0,1,0,0,0,0,4,3,0,0,0,27,4621,1973,4156,3,0,3,0,5,5,0,0,0,0,0,0,12,46,1,8,1,1,4,2,153,37,30,0,4,7,0,114,4,1,0,1,0,3,197,204,34,8,140,495,1,8,14,0,2,69,0,27,12,33,0
515,Broadcasting (except Internet),0,0,0,0,0,0,0,0,0,0,0,0,0,0,0,0,0,0,0,0,0,0,0,0,0,0,0,0,0,0,0,0,0,0,0,0,0,0,0,0,0,0,0,0,0,0,0,0,0,0,0,0,0,0,0,0,0,0,0,0,0,0,0,0,0,0,0,0,0,0,0,0,0,0,0,0,0,0,0,0,0,0,0,0,0,0,0,0,0,0,0,0,0,0,0,0,0,0,0,0,0,0,0,0,0,0,0,0,0,0,0,0,0,0,0,0,0,0,0,0,0,0,0,0,0,0,0,0,0,0,0,0,0,0,0,0,0,0
5171,Wired telecommunications carriers,0,0,0,0,0,0,0,0,0,0,0,0,0,0,0,0,0,0,0,0,0,0,0,0,0,0,0,0,0,0,0,0,0,0,0,0,0,0,0,0,0,0,0,0,0,0,0,0,0,0,0,0,0,0,0,0,0,0,0,0,0,0,0,0,0,0,0,0,0,0,0,0,0,0,0,0,0,0,0,0,0,0,0,0,0,0,13,5,5,1,2,1,0,0,0,0,0,0,0,1,0,0,0,0,0,0,0,0,0,0,0,0,1,0,0,0,0,0,0,0,0,0,0,0,0,0,0,0,0,0,0,0,1,1,12,9,7,0
5172,Wireless telecommunications carriers (except satellites),0,0,0,0,0,0,0,0,0,0,0,0,0,0,0,0,0,0,0,0,0,0,0,0,0,0,0,0,0,0,0,0,0,0,0,0,0,0,0,0,0,0,0,0,0,0,0,0,0,0,0,0,0,0,0,0,0,0,0,0,0,0,0,0,0,0,0,0,0,0,0,0,0,0,0,0,0,0,0,0,0,0,0,0,0,0,0,0,0,0,0,0,0,0,0,0,0,0,0,0,0,0,0,0,0,0,0,0,0,0,0,0,0,0,0,0,0,0,0,0,0,0,0,0,0,0,0,0,0,0,0,0,0,0,0,0,0,0
5174OT,"Other telecommunications, including satellite",0,0,0,0,0,0,0,0,0,0,0,0,0,0,0,0,0,0,0,0,0,0,0,0,0,0,0,0,0,0,0,0,0,0,0,0,0,0,0,0,0,0,0,0,0,0,0,0,0,0,0,0,0,0,0,0,0,0,0,0,0,0,0,0,0,0,0,0,0,0,0,0,0,0,0,0,0,0,0,0,0,0,0,0,0,0,0,1,0,0,1,0,0,0,0,0,0,0,0,1,0,0,0,0,0,0,0,0,0,0,0,0,0,0,0,0,0,0,0,0,0,0,0,0,0,0,0,0,0,0,0,0,0,0,1,0,1,1
518,"Data processing, hosting, and related services",0,0,0,0,0,0,19,1,0,3,1,2,1,0,2,1,2,2,1,1,4,0,0,0,3,0,0,0,0,0,1,0,0,0,1,2,0,1,1,1,2,0,0,0,0,2,1,0,0,0,0,0,1,0,2,3,2,3,1,2,1,3,0,0,15,5,2,6,3,10,3,27,5,3,0,0,1,1,0,4,4,1,1,8,1,1,3,7,0,15,6,58,16,0,1,4,3,0,0,5,3,13,20,3,5,9,14,6,3,4,37,9,37,6,2,2,0,0,1,0,7,1,2,3,3,2,40,3,3,8,0,0,22,0,7,27,54,5
519,Other information services,0,0,0,0,0,0,0,0,0,0,0,0,0,0,0,0,0,0,0,0,0,0,0,0,0,0,0,0,0,0,0,0,0,0,0,0,0,0,0,0,0,0,0,0,0,0,0,0,0,0,0,0,0,0,0,0,0,0,0,0,0,0,0,0,8,5,12,2,2,6,2,7,2,0,0,0,0,0,0,1,0,0,2,3,1,0,1,5,1,9,70,0,0,2,9,0,4,0,0,2,21,19,6,9,9,49,6,13,48,11,22,10,103,4,73,12,1,0,0,1,19,3,5,6,4,4,57,2,53,3,0,0,0,0,15,4,13,17
521CI,"Federal Reserve banks, credit intermediation, and related activities",28,29,11,129,8,2,93,92,10,29,15,39,17,10,37,13,1,19,9,7,23,2,1,1,13,2,5,8,10,1,12,2,25,2,12,7,2,6,11,8,27,17,16,4,8,12,7,18,17,10,8,18,21,13,30,19,20,40,19,19,33,39,5,0,45,17,14,17,8,13,12,42,19,23,27,3,28,4,101,21,13,3,30,103,22,104,102,90,19,65,50,173,265,1,6,2,14,1630,127,1607,93,19,31,21,36,22,66,19,20,157,23,14,18,16,5,26,8,4,6,10,28,7,12,10,24,48,65,20,11,10,0,0,99,0,0,0,114,0
523,"Securities, commodity contracts, and investments",0,0,0,0,0,0,0,0,0,0,0,0,0,0,0,0,0,0,1,1,2,0,0,0,1,0,0,0,0,0,0,0,0,0,1,0,0,0,0,0,0,0,0,0,0,0,0,0,0,0,0,0,0,0,0,0,0,0,0,0,0,0,0,0,0,0,0,0,0,0,0,0,0,0,0,0,0,2,0,2,0,0,0,0,1,0,0,0,0,0,0,1,21,0,0,0,1,0,0,0,0,0,0,0,0,0,0,0,0,8,0,0,0,0,0,0,0,0,0,0,0,0,0,1,0,0,1,0,0,1,0,0,0,0,0,0,0,0
524113,Direct life insurance carriers,0,0,0,0,0,0,0,0,0,0,0,0,0,0,0,0,0,0,0,0,0,0,0,0,0,0,0,0,0,0,0,0,0,0,0,0,0,0,0,0,0,0,0,0,0,0,0,0,0,0,0,0,0,0,0,0,0,0,0,0,0,0,0,0,0,0,0,0,0,0,0,0,0,0,0,0,0,0,0,0,0,0,0,0,0,0,0,0,0,0,0,0,0,0,0,0,0,0,0,0,0,0,0,0,0,0,0,0,0,0,0,0,0,0,0,0,0,0,0,0,0,0,0,0,0,0,0,0,0,0,0,0,0,0,0,0,0,0
5241XX,"Insurance Carriers, except Direct Life Insurance",10,5,18,161,7,37,13,6,0,5,0,0,0,0,0,0,1,7,1,3,6,0,1,0,6,0,0,1,1,1,6,1,17,1,8,3,16,2,2,2,13,6,6,1,0,1,1,2,3,1,3,7,4,50,108,124,82,123,115,77,108,103,26,0,55,23,27,23,8,38,7,54,18,25,0,12,507,48,6,34,12,49,4,5,18,0,3,1,13,11,8,1,167,6076,46583,6,1,0,4,826,244,58,51,60,65,37,30,13,18,3,25,67,47,27,15,134,10,12,20,37,308,73,205,36,32,20,195,11,17,25,0,0,46,1,35,54,8,50
5242,"Agencies, brokerages, and other insurance related activities",0,0,0,0,0,0,0,0,0,0,0,0,0,0,0,0,0,0,0,0,0,0,0,0,0,0,0,0,0,0,0,0,0,0,0,0,0,0,0,0,0,0,0,0,0,0,0,0,0,0,0,0,0,0,0,0,0,0,0,0,0,0,0,0,0,0,0,0,0,0,0,0,0,0,0,0,0,0,0,0,0,0,0,0,0,0,0,0,0,0,0,0,0,0,0,0,0,0,0,0,0,0,0,0,0,0,0,0,0,0,0,0,0,0,0,0,0,0,0,0,0,0,0,0,0,0,0,0,0,0,0,0,0,0,0,0,0,0
525,"Funds, trusts, and other financial vehicles",0,0,0,0,0,0,0,0,0,0,0,0,0,0,0,0,0,0,0,0,0,0,0,0,0,0,0,0,0,0,0,0,0,0,0,0,0,0,0,0,0,0,0,0,0,0,0,0,0,0,0,0,0,0,0,0,0,0,0,0,0,0,0,0,0,0,0,0,0,0,0,0,0,0,0,0,0,0,0,0,0,0,0,0,0,0,0,0,0,0,0,0,0,0,0,0,0,0,0,0,0,0,0,0,0,0,0,0,0,0,0,0,0,0,0,0,0,0,0,0,0,0,0,0,0,0,0,0,0,0,0,0,0,0,0,0,0,0
HSO,Owner-occupied housing,0,0,0,0,0,0,0,0,0,0,0,0,0,0,0,0,0,0,0,0,0,0,0,0,0,0,0,0,0,0,0,0,0,0,0,0,0,0,0,0,0,0,0,0,0,0,0,0,0,0,0,0,0,0,0,0,0,0,0,0,0,0,0,0,0,0,0,0,0,0,0,0,0,0,0,0,0,0,0,0,0,0,0,0,0,0,0,0,0,0,0,0,0,0,0,0,0,0,0,0,0,0,0,0,0,0,0,0,0,0,0,0,0,0,0,0,0,0,0,0,0,0,0,0,0,0,0,0,0,0,0,0,0,0,0,0,0,0
HST,Tenant-occupied housing,0,0,0,0,0,0,0,0,0,0,0,0,0,0,0,0,0,0,0,0,0,0,0,0,0,0,0,0,0,0,0,0,0,0,0,0,0,0,0,0,0,0,0,0,0,0,0,0,0,0,0,0,0,0,0,0,0,0,0,0,0,0,0,0,0,0,0,0,0,0,0,0,0,0,0,0,0,0,0,0,0,0,0,0,0,0,0,0,0,0,0,0,0,0,0,0,0,0,0,0,0,0,0,0,0,0,0,0,0,0,0,0,0,0,0,0,0,0,0,0,0,0,0,0,0,0,0,0,0,0,0,0,0,0,0,0,0,0
ORE,Other real estate,0,0,0,0,0,0,0,0,0,0,0,0,0,0,0,0,0,0,0,0,0,0,0,0,0,0,0,0,0,0,0,0,0,0,0,0,0,0,0,0,0,0,0,0,0,0,0,0,0,0,0,0,0,0,0,0,0,0,0,0,0,0,0,0,0,0,0,0,0,0,0,0,0,0,0,0,0,0,0,0,0,0,0,0,0,0,0,0,0,0,0,0,0,0,0,0,0,0,0,0,0,0,0,0,0,0,0,0,0,0,0,0,0,0,0,0,0,0,0,0,0,0,0,0,0,0,0,0,0,0,0,0,0,0,0,0,0,0
532RL,Rental and leasing services and lessors of intangible assets,0,0,0,0,0,0,0,0,0,0,0,0,0,0,0,0,0,0,0,0,0,0,0,0,0,0,0,0,0,0,0,0,0,0,0,0,0,0,0,0,0,0,0,0,0,0,0,0,0,0,0,0,0,0,0,0,0,0,0,0,0,0,0,0,0,0,0,0,0,0,0,0,0,0,0,0,0,0,0,0,0,0,0,0,0,0,0,0,0,0,0,0,0,0,0,0,0,0,0,0,0,0,0,0,0,0,0,0,0,0,0,0,0,0,0,0,0,0,0,0,0,0,0,0,0,0,0,0,0,0,0,0,0,0,0,0,0,0
5411,Legal services,2,2,1,23,6,4,94,21,2,19,8,25,13,3,15,9,6,7,5,3,25,1,1,0,13,0,1,1,3,0,1,0,11,0,4,4,1,4,9,7,12,1,1,2,1,11,5,10,5,2,1,4,15,9,42,63,28,47,26,23,13,51,3,0,9,11,11,9,8,10,5,61,9,5,6,2,6,4,1,9,2,4,8,47,15,8,12,17,5,38,38,60,173,21,74,32,13,25,0,169,22,42,52,18,25,27,456,7,19,157,63,32,41,9,6,27,6,8,6,24,267,18,14,35,38,8,52,26,19,39,0,0,4,1,51,51,159,14
5415,Computer systems design and related services,25,9,3,567,31,3,145,134,35,107,44,119,66,27,103,52,23,25,15,10,99,5,3,1,113,0,1,3,15,1,8,1,6,1,39,99,12,15,20,15,49,8,36,6,1,23,29,43,4,3,4,12,39,91,325,490,259,527,64,161,82,317,11,0,356,80,178,115,63,123,56,361,105,40,87,6,91,35,2,45,0,34,327,349,60,30,97,185,46,1039,448,695,653,114,164,138,39,57,0,497,88,468,1017,116,174,291,422,217,114,187,653,219,909,87,199,218,29,18,46,38,480,93,161,53,107,81,523,117,85,116,0,371,1471,14,410,591,1355,389
5412,"Accounting, tax preparation, bookkeeping, and payroll services",14,16,3,30,10,1,65,80,4,32,14,35,20,4,27,16,17,19,10,8,40,2,1,1,21,0,1,1,3,0,13,0,4,0,15,14,3,14,12,11,29,17,0,6,1,24,9,26,8,3,1,10,30,19,80,149,106,161,34,74,29,137,9,0,98,73,32,39,27,56,23,88,52,5,15,5,70,11,1,27,2,16,21,46,31,24,33,80,12,31,53,110,255,43,135,104,24,9,0,182,70,84,104,158,76,110,96,20,84,237,413,89,219,29,18,90,22,20,18,33,348,73,72,75,80,20,190,111,92,63,0,0,0,12,92,135,177,83
5413,"Architectural, engineering, and related services",0,0,11,237,61,28,43,100,60,363,199,450,146,145,459,152,29,13,41,5,15,7,2,1,7,0,0,0,3,0,8,0,16,1,25,4,11,2,3,3,45,7,4,5,1,35,10,7,27,9,0,6,16,0,11,18,70,29,409,20,0,56,0,0,7,1,6,4,4,3,5,8,5,8,51,0,24,1,2,10,0,4,2,9,12,1,68,490,22,34,3,5,64,0,2,19,24,64,0,1273,17,6,557,8,558,121,984,2,4,158,5,130,148,30,7,36,3,2,1,9,35,4,6,2,39,3,72,1,6,9,0,2461,375,34,136,117,877,667
5416,"Management, scientific, and technical consulting services",0,0,1,44,5,7,30,61,28,51,21,82,22,7,40,16,17,9,4,8,22,1,2,1,33,0,0,0,5,1,21,0,62,0,18,2,10,18,24,9,79,18,50,5,0,25,11,138,37,9,18,22,30,206,577,802,829,837,323,209,52,904,5,0,230,186,71,89,126,107,118,1381,90,2,3,36,141,93,3,122,18,94,196,603,187,75,120,161,49,1271,628,2056,3374,2,20,773,29,0,0,258,329,246,829,160,1558,789,6361,98,341,1829,215,296,585,171,116,903,39,68,195,248,2028,509,292,483,232,180,548,195,250,897,0,3,1821,3,596,221,832,109
5417,Scientific research and development services,0,0,0,0,0,0,0,0,0,0,0,0,0,0,0,0,0,0,0,0,0,0,0,0,0,0,0,0,0,0,0,0,0,0,0,0,0,0,0,0,0,0,0,0,0,0,0,0,0,0,0,0,0,0,0,0,0,0,0,0,0,0,0,0,0,0,0,0,0,0,0,0,0,0,0,0,0,0,0,0,0,0,0,0,0,0,0,0,0,0,0,0,0,0,0,0,0,0,0,0,0,0,0,0,0,0,0,0,0,0,0,0,0,0,0,0,0,0,0,0,0,0,0,0,0,0,0,0,0,0,0,0,0,0,0,0,0,0
5418,"Advertising, public relations, and related services",0,0,0,4,0,2,19,5,11,28,7,19,5,3,19,7,8,12,6,10,35,2,2,1,22,0,2,1,6,0,13,0,8,1,12,6,3,15,17,19,63,25,4,6,1,16,9,7,6,2,10,9,25,132,108,179,50,231,193,54,29,238,21,0,318,116,55,94,46,30,97,880,178,11,1,12,23,7,0,7,2,17,31,322,63,95,55,113,19,175,585,260,64,26,72,47,1,0,1,265,197,117,168,23,26,106,278,51,57,318,151,114,377,18,74,24,16,13,11,13,52,16,12,46,71,57,349,41,134,47,0,4,108,3,54,241,108,29
541X,"Specialized design services and other professional, scientific, and technical services",0,0,1,1,0,0,26,29,11,10,3,80,6,4,72,4,1,1,1,0,3,0,0,0,1,0,0,0,1,0,2,0,0,0,3,1,3,6,3,2,6,0,0,0,0,2,2,5,1,1,0,1,4,31,18,31,32,101,2,102,0,156,0,0,12,29,9,104,49,117,4,234,14,0,6,0,0,0,0,1,0,15,61,11,19,10,9,33,15,0,11,18,14,0,1,0,0,0,0,129,23,24,56,137,41,119,238,534,36,432,18,18,82,8,10,40,3,1,13,5,404,22,11,35,8,0,1,0,14,75,0,0,0,15,64,21,169,42
55,Management of companies and enterprises,0,0,0,0,0,0,0,0,0,0,0,0,0,0,0,0,0,0,0,0,0,0,0,0,0,0,0,0,0,0,0,0,0,0,0,0,0,0,0,0,0,0,0,0,0,0,0,0,0,0,0,0,0,0,0,0,0,0,0,0,0,0,0,0,0,0,0,0,0,0,0,0,0,0,0,0,0,0,0,0,0,0,0,0,0,0,0,0,0,0,0,0,0,0,0,0,0,0,0,0,0,0,0,0,0,0,0,0,0,0,0,0,0,0,0,0,0,0,0,0,0,0,0,0,0,0,0,0,0,0,0,0,0,0,0,0,0,0
5613,Employment services,0,0,0,0,0,3,48,14,1,3,0,12,3,2,6,2,0,2,5,4,20,1,1,1,4,0,1,1,0,0,1,0,0,0,4,6,5,0,1,1,3,1,1,0,1,2,7,5,2,1,1,2,3,7,19,27,15,45,7,14,2,29,1,0,16,4,2,10,7,5,5,47,11,4,0,2,55,27,6,27,12,28,6,108,15,11,110,43,4,83,128,63,64,3,1,22,0,0,0,64,35,35,165,15,73,67,100,18,29,60,425,54,95,30,13,44,0,3,19,20,196,42,12,32,11,6,43,53,21,9,0,13,0,1,12,5,41,12
5617,Services to buildings and dwellings,0,0,0,0,0,0,0,0,0,0,0,0,0,0,0,0,0,0,0,0,0,0,0,0,0,0,0,0,0,0,0,0,0,0,0,0,0,0,0,0,0,0,0,0,0,0,0,0,0,0,0,0,0,0,0,0,0,0,0,0,0,0,0,0,0,0,0,0,0,0,0,0,0,0,0,0,0,0,0,0,0,0,0,0,0,0,0,0,0,0,0,0,0,0,0,0,0,0,0,0,0,0,0,0,0,0,0,0,0,0,0,0,0,0,0,0,0,0,0,0,0,0,0,0,0,0,0,0,0,0,0,0,0,0,0,0,0,0
561X,Other administrative and support services,0,0,0,0,0,0,4,1,0,1,1,1,0,0,2,0,0,2,3,3,13,0,0,1,3,0,0,1,0,0,0,0,0,0,3,4,3,0,1,1,2,0,0,0,1,1,4,3,1,0,0,1,2,0,13,16,11,19,11,16,32,26,1,0,4,5,9,5,1,7,1,15,2,7,0,0,2,0,0,6,0,1,1,1,1,0,0,1,0,3,1,1,0,0,16,0,0,1,0,36,39,2,6,4,2,4,2,1,1,0,9,2,3,1,1,14,1,0,0,1,12,1,1,0,1,1,9,0,0,0,0,0,0,1,2,4,26,5
562,Waste management and remediation services,0,0,0,9,0,0,2,2,0,1,1,2,1,1,2,1,1,1,1,0,1,0,0,0,1,0,0,0,0,0,0,0,0,0,1,0,0,0,0,0,2,0,0,0,0,1,0,2,2,1,0,1,1,0,0,2,0,1,0,1,0,1,0,0,3,1,1,1,0,4,0,1,1,0,0,0,7,0,0,1,0,1,0,0,0,0,0,0,0,0,0,1,0,1,0,0,0,0,0,60,10,1,0,1,0,2,3,0,1,2,0,3,2,83,1,6,1,2,1,1,12,3,3,0,2,2,6,1,2,1,0,1,5,0,26,5,139,5
61,Educational services,0,0,0,0,0,0,0,0,0,0,0,0,0,0,0,0,0,0,0,0,0,0,0,0,0,0,0,0,0,0,0,0,0,0,0,0,0,0,0,0,0,0,0,0,0,0,0,0,0,0,0,0,0,0,0,0,0,0,0,0,0,0,0,0,0,0,0,0,0,0,0,0,0,0,0,0,0,0,0,0,0,0,0,0,0,0,0,0,0,0,0,0,0,0,0,0,0,0,0,0,0,0,0,0,0,0,0,0,0,0,0,0,0,0,8,0,0,0,0,0,0,0,0,0,0,0,0,0,0,0,0,0,0,0,397,86,85,0
6211,Offices of physicians,0,0,0,0,0,0,0,0,0,0,0,0,0,0,0,0,0,0,0,0,0,0,0,0,0,0,0,0,0,0,0,0,0,0,0,0,0,0,0,0,0,0,0,0,0,0,0,0,0,0,0,0,0,0,0,0,0,0,0,0,0,0,0,0,0,0,0,0,0,0,0,0,0,0,0,0,0,0,0,0,0,0,0,0,0,0,0,0,0,0,0,0,0,0,0,0,0,0,0,0,0,0,0,0,0,0,0,0,0,0,0,0,0,0,0,0,0,0,0,0,0,0,0,0,0,0,0,0,0,0,0,0,0,0,0,0,0,0
6212,Offices of dentists,0,0,0,0,0,0,0,0,0,0,0,0,0,0,0,0,0,0,0,0,0,0,0,0,0,0,0,0,0,0,0,0,0,0,0,0,0,0,0,0,0,0,0,0,0,0,0,0,0,0,0,0,0,0,0,0,0,0,0,0,0,0,0,0,0,0,0,0,0,0,0,0,0,0,0,0,0,0,0,0,0,0,0,0,0,0,0,0,0,0,0,0,0,0,0,0,0,0,0,0,0,0,0,0,0,0,0,0,0,0,0,0,0,0,0,0,0,0,0,0,0,0,0,0,0,0,0,0,0,0,0,0,0,0,0,0,0,0
6213,Offices of other health practitioners,0,0,0,0,0,0,0,0,0,0,0,0,0,0,0,0,0,0,0,0,0,0,0,0,0,0,0,0,0,0,0,0,0,0,0,0,0,0,0,0,0,0,0,0,0,0,0,0,0,0,0,0,0,0,0,0,0,0,0,0,0,0,0,0,0,0,0,0,0,0,0,0,0,0,0,0,0,0,0,0,0,0,0,0,0,0,0,0,0,0,0,0,0,0,0,0,0,0,0,0,0,0,0,0,0,0,0,0,0,0,0,0,0,0,0,0,0,0,0,0,0,0,0,0,0,0,0,0,0,0,0,0,0,0,0,0,0,0
6214,Outpatient care centers,0,0,0,0,0,0,0,0,0,0,0,0,0,0,0,0,0,0,0,0,0,0,0,0,0,0,0,0,0,0,0,0,0,0,0,0,0,0,0,0,0,0,0,0,0,0,0,0,0,0,0,0,0,0,0,0,0,0,0,0,0,0,0,0,0,0,0,0,0,0,0,0,0,0,0,0,0,0,0,0,0,0,0,0,0,0,0,0,0,0,0,0,0,0,0,0,0,0,0,0,0,0,0,0,0,0,0,0,0,0,0,0,0,0,0,0,0,0,0,0,0,0,0,0,0,0,0,0,0,0,0,0,0,0,0,0,0,0
6215OH,Other ambulatory health care services,0,0,0,0,0,0,0,0,0,0,0,0,0,0,0,0,0,0,0,0,0,0,0,0,0,0,0,0,0,0,0,0,0,0,0,0,0,0,0,0,0,0,0,0,0,0,0,0,0,0,0,0,0,0,0,0,0,0,0,0,0,0,0,0,0,0,0,0,0,0,0,0,0,0,0,0,0,0,0,0,0,0,0,0,0,0,0,0,0,0,0,0,0,0,0,0,0,0,0,0,0,0,0,0,0,0,0,0,0,0,0,0,0,0,0,0,0,0,0,0,0,0,0,0,0,0,0,0,0,0,0,0,0,0,0,0,0,0
622,Hospitals,0,0,0,0,0,0,0,0,0,0,0,0,0,0,0,0,0,0,0,0,0,0,0,0,0,0,0,0,0,0,0,0,0,0,0,0,0,0,0,0,0,0,0,0,0,0,0,0,0,0,0,0,0,0,0,0,0,0,0,0,0,0,0,0,0,0,0,0,0,0,0,0,0,0,0,0,0,0,0,0,0,0,0,0,0,0,0,0,0,0,0,0,0,0,0,0,0,0,0,0,0,0,0,0,0,0,0,0,0,0,0,0,0,0,0,0,0,0,0,0,0,0,0,0,0,0,0,0,0,0,0,0,0,0,0,0,0,0
623,Nursing and residential care facilities,0,0,0,0,0,0,0,0,0,0,0,0,0,0,0,0,0,0,0,0,0,0,0,0,0,0,0,0,0,0,0,0,0,0,0,0,0,0,0,0,0,0,0,0,0,0,0,0,0,0,0,0,0,0,0,0,0,0,0,0,0,0,0,0,0,0,0,0,0,0,0,0,0,0,0,0,0,0,0,0,0,0,0,0,0,0,0,0,0,0,0,0,0,0,0,0,0,0,0,0,0,0,0,0,0,0,0,0,0,0,0,0,0,0,0,0,0,0,0,0,0,0,0,0,0,0,0,0,0,0,0,0,1,0,0,0,0,0
624,Social assistance,0,0,0,0,0,0,0,0,0,0,0,0,0,0,0,0,0,0,0,0,0,0,0,0,0,0,0,0,0,0,0,0,0,0,0,0,0,0,0,0,0,0,0,0,0,0,0,0,0,0,0,0,0,0,0,0,0,0,0,0,0,0,0,0,0,0,0,0,0,0,0,0,0,0,0,0,0,0,0,0,0,0,0,0,0,0,0,0,0,0,0,0,0,0,0,0,0,0,0,0,0,0,0,0,0,0,0,0,0,0,0,0,0,0,0,0,0,0,0,0,0,0,0,0,0,0,0,0,0,0,0,0,0,0,0,0,0,0
711AS,"Performing arts, spectator sports, museums, and related activities",1,1,0,0,0,0,3,0,0,2,0,2,0,0,2,0,0,0,1,0,1,0,0,0,0,0,0,0,0,0,0,0,0,0,0,0,0,0,0,0,1,0,0,0,0,1,1,1,0,0,0,0,2,8,4,7,4,10,0,13,0,12,0,0,1,2,0,3,0,4,0,7,1,0,0,0,1,0,0,0,0,0,1,2,80,13,6,2,1,14,2,38,17,0,1,1,1,0,0,88,9,8,30,9,10,8,4,5,3,3,21,5,13,2,9,15,1,0,1,1,4,2,4,207,1,1,20,0,1,4,0,0,0,1,13,5,0,1
713,"Amusements, gambling, and recreation industries",0,0,0,0,0,0,0,0,0,0,0,0,0,0,0,0,0,0,0,0,0,0,0,0,0,0,0,0,0,0,0,0,0,0,0,0,0,0,0,0,0,0,0,0,0,0,0,0,0,0,0,0,0,0,0,0,0,0,0,0,0,0,0,0,0,0,0,0,0,0,0,0,0,0,0,0,0,0,0,0,0,0,0,0,0,0,0,0,0,0,0,0,0,0,0,0,0,0,0,0,0,0,0,0,0,0,0,0,0,0,0,0,0,0,0,0,0,0,0,0,0,0,0,0,0,0,0,0,0,0,0,0,0,0,0,0,0,0
721,Accommodation,0,0,0,0,0,0,0,0,0,0,0,0,0,0,0,0,0,0,0,0,0,0,0,0,0,0,0,0,0,0,0,0,0,0,0,0,0,0,0,0,0,0,0,0,0,0,0,0,0,0,0,0,0,0,0,0,0,0,0,0,0,0,0,0,0,0,0,0,0,0,0,0,0,0,0,0,0,0,0,0,0,0,0,0,0,0,0,0,0,0,0,0,0,0,0,0,0,0,0,0,0,0,0,0,0,0,0,0,0,0,0,0,0,0,0,0,0,0,0,0,0,0,0,0,0,0,0,0,0,0,0,0,0,0,0,0,0,0
722,Food services and drinking places,0,0,0,0,0,0,0,0,0,0,0,0,0,0,0,0,0,0,0,0,0,0,0,0,0,0,0,0,0,0,0,0,0,0,0,0,0,0,0,0,0,0,0,0,0,0,0,0,0,0,0,0,0,0,0,0,0,0,0,0,0,0,0,0,0,0,0,0,0,0,0,0,0,0,0,0,0,0,0,0,0,0,0,0,0,0,0,0,0,0,0,0,0,0,0,0,0,0,0,0,0,0,0,0,0,0,0,0,0,0,0,0,0,0,0,0,0,0,0,0,0,0,0,0,0,0,0,0,0,0,0,0,0,0,0,0,0,0
811,Repair and maintenance,0,0,1,8,4,1,3,28,46,17,5,15,8,6,10,12,0,0,0,0,0,0,0,0,0,0,0,0,0,0,0,0,0,0,0,0,0,0,0,0,0,0,0,0,0,0,0,0,0,0,0,0,0,13,3,14,22,56,7,34,26,56,4,0,19,32,32,25,7,42,4,23,11,0,1,0,101,0,0,46,0,11,2,22,4,5,15,21,3,23,6,6,38,0,26,1,0,0,0,7,84,24,58,3,27,36,12,6,9,101,16,218,309,126,48,15,2,2,6,14,121,7,5,7,18,12,135,26,15,6,0,0,0,8,58,44,203,241
812,Personal and laundry services,0,0,0,0,0,0,0,0,0,0,0,0,0,0,0,0,0,0,0,0,0,0,0,0,0,0,0,0,0,0,0,0,0,0,0,0,0,0,0,0,0,0,0,0,0,0,0,0,0,0,0,0,0,0,0,0,0,0,0,0,0,0,0,0,0,0,0,0,0,0,0,0,0,0,0,0,0,0,0,0,0,0,0,0,0,0,0,0,0,0,0,0,0,0,0,0,0,0,0,0,0,0,0,0,0,0,0,0,0,0,0,0,0,0,0,0,0,0,0,0,0,0,0,0,0,0,0,0,0,0,0,0,0,0,0,0,0,0
813,"Religious, grantmaking, civic, professional, and similar organizations",0,0,0,0,0,0,0,0,0,0,0,0,0,0,0,0,0,0,0,0,0,0,0,0,0,0,0,0,0,0,0,0,0,0,0,0,0,0,0,0,0,0,0,0,0,0,0,0,0,0,0,0,0,0,0,0,0,0,0,0,0,0,0,0,0,0,0,0,0,0,0,0,0,0,0,0,0,0,0,0,0,0,0,0,0,0,0,0,0,0,0,0,0,0,0,0,0,0,0,0,0,0,0,0,0,0,0,0,0,0,0,0,0,0,0,0,0,0,0,0,0,0,0,0,0,0,0,0,0,0,0,0,0,0,0,0,0,0
814,Private households,0,0,0,0,0,0,0,0,0,0,0,0,0,0,0,0,0,0,0,0,0,0,0,0,0,0,0,0,0,0,0,0,0,0,0,0,0,0,0,0,0,0,0,0,0,0,0,0,0,0,0,0,0,0,0,0,0,0,0,0,0,0,0,0,0,0,0,0,0,0,0,0,0,0,0,0,0,0,0,0,0,0,0,0,0,0,0,0,0,0,0,0,0,0,0,0,0,0,0,0,0,0,0,0,0,0,0,0,0,0,0,0,0,0,0,0,0,0,0,0,0,0,0,0,0,0,0,0,0,0,0,0,0,0,0,0,0,0
GFGD,Federal general government (defense),0,0,0,0,0,0,0,0,0,0,0,0,0,0,0,0,0,0,0,0,0,0,0,0,0,0,0,0,0,0,0,0,0,0,0,0,0,0,0,0,0,0,0,0,0,0,0,0,0,0,0,0,0,0,0,0,0,0,0,0,0,0,0,0,0,0,0,0,0,0,0,0,0,0,0,0,0,0,0,0,0,0,0,0,0,0,0,0,0,0,0,0,0,0,0,0,0,0,0,0,0,0,0,0,0,0,0,0,0,0,0,0,0,0,0,0,0,0,0,0,0,0,0,0,0,0,0,0,0,0,0,0,0,0,0,0,0,0
GFGN,Federal general government (nondefense),0,0,0,0,0,0,0,0,0,0,0,0,0,0,0,0,0,0,0,0,0,0,0,0,0,0,0,0,0,0,0,0,0,0,0,0,0,0,0,0,0,0,0,0,0,0,0,0,0,0,0,0,0,0,0,0,0,0,0,0,0,0,0,0,0,0,0,0,0,0,0,0,0,0,0,0,0,0,0,0,0,0,0,0,0,0,0,0,0,0,0,0,0,0,0,0,0,0,0,0,0,0,0,0,0,0,0,0,0,0,0,0,0,0,0,0,0,0,0,0,0,0,0,0,0,0,0,0,0,0,0,0,0,0,0,0,0,0
GFE,Federal government enterprises,0,0,0,0,0,0,1,0,0,0,0,0,0,0,0,0,0,0,0,0,0,0,0,0,1,0,0,0,0,0,0,0,0,0,0,0,0,0,0,0,0,0,0,0,0,0,0,0,0,0,0,0,0,3,7,13,7,21,11,8,6,18,1,0,3,3,2,3,2,2,2,18,3,0,0,6,20,1,0,1,3,3,2,0,1,0,0,0,0,4,2,5,9,0,0,0,0,0,0,2,9,1,2,2,1,3,1,2,1,1,1,0,4,1,1,2,0,0,0,1,11,1,2,1,0,4,30,0,1,1,0,0,0,0,1,1,6,0
GSLGE,State and local government educational services,0,0,0,0,0,0,0,0,0,0,0,0,0,0,0,0,0,0,0,0,0,0,0,0,0,0,0,0,0,0,0,0,0,0,0,0,0,0,0,0,0,0,0,0,0,0,0,0,0,0,0,0,0,0,0,0,0,0,0,0,0,0,0,0,0,0,0,0,0,0,0,0,0,0,0,0,0,0,0,0,0,0,0,0,0,0,0,0,0,0,0,0,0,0,0,0,0,0,0,0,0,0,0,0,0,0,0,0,0,0,0,0,0,0,0,0,0,0,0,0,0,0,0,0,0,0,0,0,0,0,0,0,0,0,0,0,0,0
GSLGH,State and local government hospitals and health services,0,0,0,0,0,0,0,0,0,0,0,0,0,0,0,0,0,0,0,0,0,0,0,0,0,0,0,0,0,0,0,0,0,0,0,0,0,0,0,0,0,0,0,0,0,0,0,0,0,0,0,0,0,0,0,0,0,0,0,0,0,0,0,0,0,0,0,0,0,0,0,0,0,0,0,0,0,0,0,0,0,0,0,0,0,0,0,0,0,0,0,0,0,0,0,0,0,0,0,0,0,0,0,0,0,0,0,0,0,0,0,0,0,0,0,0,0,0,0,0,0,0,0,0,0,0,0,0,0,0,0,0,0,0,0,0,0,0
GSLGO,State and local government other services,0,0,0,0,0,0,0,0,0,0,0,0,0,0,0,0,0,0,0,0,0,0,0,0,0,0,0,0,0,0,0,0,0,0,0,0,0,0,0,0,0,0,0,0,0,0,0,0,0,0,0,0,0,0,0,0,0,0,0,0,0,0,0,0,0,0,0,0,0,0,0,0,0,0,0,0,0,0,0,0,0,0,0,0,0,0,0,0,0,0,0,0,0,0,0,0,0,0,0,0,0,0,0,0,0,0,0,0,0,0,0,0,0,0,0,0,0,0,0,0,0,0,0,0,0,0,0,0,0,0,0,0,0,0,0,0,0,0
GSLE,State and local government enterprises,0,0,0,0,0,0,0,0,0,0,0,0,0,0,0,0,0,0,0,0,0,0,0,0,0,0,0,0,0,0,0,0,0,0,0,0,0,0,0,0,0,0,0,0,0,0,0,0,0,0,0,0,0,0,0,0,0,0,0,0,0,0,0,0,0,0,0,0,0,0,0,0,0,0,0,0,0,0,0,0,0,0,0,0,0,0,0,0,0,0,0,0,0,0,0,0,0,0,0,0,0,0,0,0,0,0,0,0,0,0,0,0,0,0,0,0,0,0,0,0,0,0,0,0,0,0,0,0,0,0,0,0,0,0,0,0,0,0
Used,"Scrap, used and secondhand goods",0,0,0,0,0,0,39,8,0,0,0,0,0,0,134,0,0,58,2249,3578,70,0,0,0,1,0,0,0,0,0,0,0,0,0,0,0,0,0,0,0,1,0,0,17,0,1296,0,0,0,0,0,29,43,0,0,0,0,0,0,0,0,0,0,0,35,0,0,0,0,0,0,0,0,0,0,0,0,0,0,757,0,0,0,0,0,0,0,0,0,0,0,0,0,0,0,0,0,0,0,0,0,0,0,0,0,0,0,0,0,187,0,0,0,0,210,0,0,0,0,0,0,0,0,2,101,0,0,140,0,2,0,0,0,0,0,0,0,0
Other,Noncomparable imports and rest-of-the-world adjustment,347,369,48,1554,9,148,1566,81,54,0,120,607,118,190,458,252,252,247,461,232,600,146,122,101,729,12,725,165,282,10,284,258,1092,73,568,348,34,95,242,138,996,220,439,100,13,537,216,7956,828,222,360,394,647,475,971,1189,1002,1182,356,829,1663,893,173,0,69,508,954,0,182,94,263,3867,129,19816,113,1519,1200,9,87,563,65,113,160,657,454,170,2405,3877,490,592,285,3183,47679,90,239,473,36,0,148,656,2614,118,2446,99,1147,981,441,413,389,1903,690,422,396,64,382,0,0,0,0,0,0,310,0,356,291,595,2611,200,1908,0,0,9888,2822,5,0,0,0,0
